id,creditability,account_balance,duration_of_credit_month,payment_status_of_previous_credit,purpose,credit_amount,value_savings_stocks,length_of_current_employment,instalment_per_cent,sex_marital_status,guarantors,duration_in_current_address,most_valuable_available_asset,age_years,concurrent_credits,type_of_apartment,no_of_credits_at_this_bank,occupation,no_of_dependents,telephone,foreign_worker,new_column,model_version
6299,0,3,12,4,0,939,3,4,4,4,1,2,1,28,3,2,3,3,0,1,0,True,28
2707,1,4,48,4,1,8858,5,4,2,3,1,1,4,35,3,3,2,3,0,1,0,True,28
8794,1,4,21,2,1,5248,5,3,1,3,1,3,3,26,3,2,1,3,0,1,0,True,28
1387,1,2,20,0,1,6148,2,5,3,4,1,4,3,31,1,2,2,3,0,1,0,True,28
3283,1,4,18,2,3,4594,1,2,3,3,1,2,3,32,3,2,1,3,0,1,0,True,28
572,0,1,24,2,2,3345,1,5,4,3,1,2,2,39,3,1,1,4,0,1,0,True,28
6022,1,4,10,2,8,894,5,4,4,2,1,3,2,40,3,2,1,3,0,1,0,True,28
6619,1,2,12,2,3,625,1,2,4,4,3,1,1,26,1,2,1,2,0,1,0,True,28
6182,1,4,48,3,3,12749,3,4,4,3,1,1,3,37,3,2,1,4,0,1,0,True,28
6314,1,2,36,2,6,3711,5,3,2,4,1,2,3,27,3,2,1,3,0,1,0,True,28
7284,1,4,24,2,3,3105,5,2,4,3,1,2,3,25,3,2,2,3,0,1,0,True,28
9096,1,1,6,4,3,338,3,5,4,3,1,4,3,52,3,2,2,3,0,1,0,True,28
4211,0,1,18,2,6,750,1,1,4,2,1,1,1,27,3,2,1,1,0,1,0,True,28
7204,0,1,18,2,3,1882,1,3,4,2,1,4,3,25,1,1,2,3,0,1,0,True,28
8505,0,4,15,2,6,4623,2,3,3,3,1,2,2,40,3,2,1,4,0,1,0,True,28
2141,1,1,12,4,3,385,1,4,4,2,1,3,1,58,3,2,4,2,0,1,0,True,28
4624,0,2,36,3,0,2225,1,5,4,3,1,4,4,57,1,3,2,3,0,1,0,True,28
6269,1,3,24,4,3,3148,5,3,3,3,1,2,3,31,3,2,2,3,0,1,0,True,28
2680,1,1,21,2,3,3357,4,2,4,2,1,2,3,29,1,2,1,3,0,1,0,True,28
7929,1,2,36,2,3,2323,1,4,4,3,1,4,3,24,3,1,1,3,0,1,0,True,28
7909,1,2,9,2,2,2030,5,4,2,3,1,1,3,24,3,2,1,3,0,1,0,True,28
9029,1,4,24,3,0,2032,1,5,4,3,1,4,4,60,3,3,2,3,0,1,0,True,28
8090,0,3,36,2,3,4210,1,3,4,3,1,2,3,26,3,2,1,3,0,1,0,True,28
6089,1,4,15,4,1,3368,4,5,3,3,1,4,4,23,3,1,2,3,0,1,0,True,28
7681,1,2,12,4,4,1424,1,4,4,3,1,3,2,26,3,2,1,3,0,1,0,True,28
3931,1,3,24,2,2,2892,1,5,3,1,1,4,4,51,3,3,1,3,0,1,0,True,28
8601,0,1,18,1,0,1442,1,4,4,3,1,4,4,32,1,3,2,2,1,1,0,True,28
3880,0,2,12,2,0,836,2,2,4,2,1,2,2,23,1,2,1,2,0,1,0,True,28
8240,1,4,10,2,0,1287,5,5,4,3,2,2,2,45,3,2,1,2,0,1,1,True,28
9188,0,1,18,2,1,7511,5,5,1,3,1,4,2,51,3,3,1,3,1,1,0,True,28
9948,1,2,24,4,3,1743,1,5,4,3,1,2,2,48,3,2,2,2,0,1,0,True,28
9394,0,2,12,2,0,1295,1,2,3,2,1,1,3,25,3,1,1,3,0,1,0,True,28
9431,0,2,36,3,0,8086,2,5,2,3,1,4,3,42,2,2,4,4,0,1,0,True,28
1842,1,4,48,4,6,6110,1,3,1,3,1,3,4,31,1,3,1,3,0,1,0,True,28
494,0,1,36,2,2,5179,1,4,4,3,1,2,2,29,3,2,1,3,0,1,0,True,28
6240,1,1,6,4,0,1361,1,2,2,3,1,4,1,40,3,2,1,2,1,1,1,True,28
9416,0,1,12,2,2,7865,1,5,4,3,1,4,4,53,3,3,1,4,0,1,0,True,28
8217,1,3,6,4,0,1299,1,3,1,3,1,1,1,74,3,2,3,1,1,1,1,True,28
2584,0,1,33,4,2,4281,3,3,1,2,1,4,3,23,3,2,2,3,0,1,0,True,28
6444,1,4,12,2,0,640,1,3,4,1,1,2,1,49,3,2,1,2,0,1,0,True,28
4996,1,1,24,4,1,6419,1,5,2,2,1,4,4,44,3,3,2,4,1,1,0,True,28
1853,1,4,6,4,3,1382,1,3,1,2,1,1,3,28,3,2,2,3,0,1,0,True,28
8888,0,1,24,2,0,3123,1,2,4,2,1,1,2,27,3,2,1,3,0,1,0,True,28
663,1,3,36,2,3,4473,1,5,4,3,1,2,3,31,3,2,1,3,0,1,0,True,28
8953,1,4,12,4,2,1402,3,4,3,2,1,4,3,37,3,1,1,3,0,1,0,True,28
9978,0,2,36,2,2,9034,2,2,4,3,2,1,4,29,3,1,1,4,0,1,0,True,28
9016,1,4,12,4,9,1185,1,3,3,2,1,2,1,27,3,2,2,3,0,1,0,True,28
3760,1,4,12,4,3,1934,1,5,2,3,1,2,4,26,3,2,2,3,0,1,0,True,28
3482,0,2,12,2,2,2762,5,5,1,2,1,2,2,25,3,2,1,3,0,1,0,True,28
1048,0,1,24,2,0,4817,1,4,2,3,2,3,2,31,3,2,1,3,0,1,0,True,28
6006,1,3,24,2,3,1258,3,3,3,2,1,3,3,57,3,2,1,2,0,1,0,True,28
357,1,4,6,2,3,1595,1,4,3,3,1,2,2,51,3,2,1,3,1,1,0,True,28
8496,1,1,15,4,2,975,1,3,2,1,1,3,2,25,3,2,2,3,0,1,0,True,28
9938,1,4,12,4,3,1291,1,3,4,2,1,2,2,35,3,2,2,3,0,1,0,True,28
4390,1,2,18,2,9,2622,2,3,4,3,1,4,3,34,3,2,1,3,0,1,0,True,28
1770,1,2,9,4,3,1154,1,5,2,3,1,4,1,37,3,2,3,2,0,1,0,True,28
6148,1,4,10,2,0,1418,2,3,3,3,1,2,1,35,3,1,1,2,0,1,1,True,28
396,0,2,24,2,1,12579,1,5,4,2,1,2,4,44,3,3,1,4,0,1,0,True,28
198,1,2,18,4,2,1295,1,2,4,2,1,1,2,27,3,2,2,3,0,1,0,True,28
2658,1,4,18,4,0,1055,1,2,4,2,1,1,2,30,3,2,2,3,0,1,0,True,28
13,1,4,36,4,1,5842,1,5,2,3,1,2,2,35,3,2,2,3,1,1,0,True,28
6290,1,2,18,2,9,2622,2,3,4,3,1,4,3,34,3,2,1,3,0,1,0,True,28
1607,1,1,12,2,3,1680,3,5,3,4,1,1,1,35,3,2,1,3,0,1,0,True,28
1428,1,1,6,2,2,1374,1,3,1,3,1,2,1,36,1,2,1,2,0,1,0,True,28
5682,0,1,42,3,3,4370,1,4,3,3,1,2,2,26,1,2,2,3,1,1,0,True,28
7427,1,4,22,2,0,1283,5,4,4,2,1,4,2,25,3,1,1,3,0,1,0,True,28
5836,1,4,6,4,3,700,5,5,4,3,1,4,4,36,3,3,2,3,0,1,0,True,28
6827,1,3,6,4,0,1299,1,3,1,3,1,1,1,74,3,2,3,1,1,1,1,True,28
8854,0,1,18,2,0,1216,1,2,4,2,1,3,3,23,3,1,1,3,0,1,0,True,28
8887,0,2,36,2,0,12389,5,3,1,3,1,4,4,37,1,3,1,3,0,1,0,True,28
4493,1,1,6,2,0,1203,2,5,3,3,1,2,2,43,3,2,1,3,0,1,0,True,28
810,0,2,9,2,2,959,1,3,1,2,1,2,3,29,1,2,1,3,0,1,0,True,28
2326,1,1,30,0,2,4583,1,3,2,1,3,2,1,32,3,2,2,3,0,1,0,True,28
8594,1,4,24,2,0,1469,2,5,4,4,1,4,1,41,3,1,1,2,0,1,0,True,28
586,0,4,18,2,5,1943,1,2,4,2,1,4,1,23,3,2,1,3,0,1,0,True,28
7741,1,4,36,4,3,3342,5,5,4,3,1,2,3,51,3,2,1,3,0,1,0,True,28
1693,1,4,30,4,3,5771,1,4,4,2,1,2,3,25,3,2,2,3,0,1,0,True,28
7516,1,2,24,4,0,3878,2,2,4,1,1,2,3,37,3,2,1,3,0,1,0,True,28
3178,0,2,48,1,9,6416,1,5,4,2,1,3,4,59,3,1,1,3,0,1,0,True,28
633,1,4,36,2,3,2394,5,3,4,2,1,4,3,25,3,2,1,3,0,1,0,True,28
7382,1,2,12,2,3,1155,1,5,3,4,3,3,1,40,1,2,2,2,0,1,0,True,28
2585,0,2,48,2,0,6560,2,4,3,3,1,2,2,24,3,2,1,3,0,1,0,True,28
3600,1,4,12,2,0,1101,1,3,3,4,1,2,1,27,3,2,2,3,0,1,0,True,28
2086,0,1,12,1,0,697,1,2,4,3,1,2,3,46,1,2,2,3,0,1,0,True,28
6957,1,1,24,4,1,2957,1,5,4,3,1,4,2,63,3,2,2,3,0,1,0,True,28
6298,1,4,30,4,3,5771,1,4,4,2,1,2,3,25,3,2,2,3,0,1,0,True,28
6150,0,1,24,2,3,2439,1,2,4,2,1,4,1,35,3,2,1,3,0,1,0,True,28
370,1,1,18,4,2,1049,1,2,4,2,1,4,2,21,3,1,1,3,0,1,0,True,28
6414,0,4,18,2,5,1943,1,2,4,2,1,4,1,23,3,2,1,3,0,1,0,True,28
9641,0,1,42,2,3,7174,5,4,4,2,1,3,3,30,3,2,1,4,0,1,0,True,28
1892,1,3,24,4,9,1275,4,3,2,1,1,4,1,36,3,2,2,3,0,1,0,True,28
1164,0,1,24,2,0,915,5,5,4,2,1,2,3,29,1,2,1,3,0,1,0,True,28
1647,0,1,36,3,9,2145,1,4,2,3,1,1,3,24,3,2,2,3,0,1,0,True,28
87,1,2,12,4,3,3573,1,3,1,2,1,1,1,23,3,2,1,2,0,1,0,True,28
6975,1,4,12,0,2,2759,1,5,2,3,1,4,2,34,3,2,2,3,0,1,0,True,28
1754,1,4,12,2,3,1262,1,3,3,3,1,2,3,25,3,2,1,3,0,1,0,True,28
9195,1,1,21,4,0,1602,1,5,4,4,1,3,3,30,3,2,2,3,0,1,0,True,28
1245,1,2,12,2,9,1037,2,4,3,3,1,4,1,39,3,2,1,2,0,1,0,True,28
1597,1,4,36,4,0,6614,1,5,4,3,1,4,3,34,3,2,2,4,0,1,0,True,28
4957,1,3,24,4,9,1275,4,3,2,1,1,4,1,36,3,2,2,3,0,1,0,True,28
4253,1,1,12,2,2,2578,1,1,3,2,1,4,4,55,3,3,1,4,0,1,0,True,28
4043,1,1,39,4,2,14179,5,4,4,3,1,4,2,30,3,2,2,4,0,1,0,True,28
9086,0,1,12,2,0,900,5,3,4,4,1,2,3,23,3,2,1,3,0,1,0,True,28
1508,1,1,15,2,3,1053,1,2,4,4,1,2,1,27,3,2,1,3,0,1,1,True,28
5207,0,1,24,2,0,1381,5,3,4,2,1,2,2,35,3,2,1,3,0,1,0,True,28
7992,1,1,18,2,0,2249,2,4,4,3,1,3,3,30,3,2,1,4,1,1,0,True,28
2531,1,2,15,2,5,1514,2,3,4,3,3,2,1,22,3,2,1,3,0,1,0,True,28
5301,1,4,36,2,1,8133,1,3,1,2,1,2,2,30,1,2,1,3,0,1,0,True,28
6953,1,4,9,2,2,2301,2,2,2,2,1,4,2,22,3,1,1,3,0,1,0,True,28
2948,1,4,15,2,4,874,5,2,4,2,1,1,1,24,3,2,1,3,0,1,0,True,28
6375,1,1,6,4,0,860,1,5,1,2,1,4,4,39,3,2,2,3,0,1,0,True,28
7964,1,2,15,2,5,2631,2,3,3,2,1,2,1,25,3,2,1,2,0,1,0,True,28
9041,1,4,18,2,3,1505,1,3,4,3,1,2,4,32,3,3,1,4,0,1,0,True,28
3530,0,1,48,2,1,10297,1,4,4,3,1,4,4,39,3,3,3,3,1,1,0,True,28
667,1,4,28,4,3,2743,1,5,4,3,1,2,3,29,3,2,2,3,0,1,0,True,28
1454,1,2,48,1,0,12169,5,1,4,3,2,4,4,36,3,3,1,4,0,1,0,True,28
6395,1,4,24,2,2,5511,2,3,4,3,1,1,3,25,2,2,1,3,0,1,0,True,28
3072,1,4,36,2,3,2299,3,5,4,3,1,4,3,39,3,2,1,3,0,1,0,True,28
9639,1,2,30,1,2,3496,4,3,4,3,1,2,3,34,2,2,1,3,1,1,0,True,28
5646,1,4,15,4,3,1471,1,3,4,3,1,4,4,35,3,3,2,3,0,1,0,True,28
2259,1,1,21,4,0,1602,1,5,4,4,1,3,3,30,3,2,2,3,0,1,0,True,28
4889,0,1,36,2,0,1842,1,2,4,2,1,4,3,34,3,2,1,3,0,1,0,True,28
2713,1,1,27,4,9,2442,1,5,4,3,1,4,3,43,2,2,4,4,1,1,0,True,28
7424,0,4,27,2,0,2570,1,3,3,2,1,3,1,21,3,1,1,3,0,1,0,True,28
4808,0,1,48,4,1,6331,1,5,4,3,1,4,4,46,3,3,2,3,0,1,0,True,28
2708,1,4,30,4,3,6742,5,4,2,3,1,3,2,36,3,2,2,3,0,1,0,True,28
2988,1,2,24,2,1,2760,5,5,4,3,1,4,4,36,1,3,1,3,0,1,0,True,28
6422,1,1,18,1,3,1940,1,2,3,3,2,4,4,36,1,3,1,4,0,1,0,True,28
6323,1,3,24,4,2,3617,5,5,4,3,2,4,4,20,3,1,2,3,0,1,0,True,28
4860,0,1,48,0,1,4605,1,5,3,3,1,4,4,24,3,3,2,3,1,1,0,True,28
3754,1,2,36,2,3,2323,1,4,4,3,1,4,3,24,3,1,1,3,0,1,0,True,28
7250,1,4,10,2,8,894,5,4,4,2,1,3,2,40,3,2,1,3,0,1,0,True,28
6992,1,3,4,2,0,1494,5,2,1,3,1,2,1,29,3,2,1,2,1,1,1,True,28
8006,0,1,27,0,9,5293,1,1,2,3,1,4,2,50,3,2,2,3,0,1,0,True,28
4342,0,4,36,2,2,10974,1,1,4,2,1,2,3,26,3,2,2,4,0,1,0,True,28
8165,0,4,36,3,9,9572,1,2,1,1,1,1,3,28,3,2,2,3,0,1,0,True,28
1072,1,2,18,2,3,866,1,3,4,4,3,2,1,25,3,2,1,2,0,1,0,True,28
5630,1,1,24,2,3,3660,1,3,2,2,1,4,3,28,3,2,1,3,0,1,0,True,28
4281,1,4,24,2,2,3972,1,4,2,2,1,4,2,25,3,1,1,3,0,1,0,True,28
6870,0,3,9,2,3,745,1,3,3,2,1,2,1,28,3,2,1,2,0,1,0,True,28
5724,0,4,27,2,0,2570,1,3,3,2,1,3,1,21,3,1,1,3,0,1,0,True,28
4452,1,4,18,4,0,1055,1,2,4,2,1,1,2,30,3,2,2,3,0,1,0,True,28
8308,1,4,36,2,6,9055,5,3,2,3,1,4,4,35,3,3,1,2,1,1,0,True,28
2851,0,4,27,2,0,2570,1,3,3,2,1,3,1,21,3,1,1,3,0,1,0,True,28
2716,1,4,27,3,9,5117,1,4,3,3,1,4,3,26,3,2,2,3,0,1,0,True,28
7565,1,3,21,2,0,2923,2,3,1,2,1,1,3,28,1,2,1,4,0,1,0,True,28
1040,0,1,48,2,4,3051,1,3,3,3,1,4,3,54,3,2,1,3,0,1,0,True,28
890,0,1,6,1,6,1198,1,5,4,2,1,4,4,35,3,3,1,3,0,1,0,True,28
9353,1,3,12,3,0,2247,1,3,2,2,1,2,3,36,2,2,2,3,0,1,0,True,28
363,0,2,24,4,3,1216,2,2,4,3,1,4,4,38,1,2,2,3,1,1,0,True,28
2576,1,4,21,4,1,3275,1,5,1,3,1,4,3,36,3,2,1,4,0,1,0,True,28
8616,1,4,11,2,9,2142,4,5,1,1,1,2,1,28,3,2,1,3,0,1,0,True,28
2742,1,1,12,2,2,1620,1,3,2,2,2,3,2,30,3,2,1,3,0,1,0,True,28
1503,1,4,9,2,4,1236,1,2,1,2,1,4,1,23,3,1,1,3,0,1,0,True,28
7677,1,4,12,2,2,1574,1,3,4,3,1,2,1,50,3,2,1,3,0,1,0,True,28
9553,1,1,12,2,2,3590,1,3,2,3,2,2,2,29,3,2,1,2,1,1,0,True,28
7924,1,4,24,2,1,9277,5,3,2,1,1,4,4,48,3,3,1,3,0,1,0,True,28
9827,1,4,15,3,3,1478,1,3,4,4,1,3,1,33,1,2,2,3,0,1,0,True,28
1012,1,2,18,4,2,6361,1,5,2,3,1,1,4,41,3,2,1,3,0,1,0,True,28
6279,0,4,24,2,3,3621,2,5,2,3,1,4,3,31,3,2,2,3,0,1,0,True,28
2575,1,4,6,4,0,362,2,3,4,2,1,4,3,52,3,2,2,2,0,1,0,True,28
5936,1,1,24,2,2,4020,1,3,2,3,1,2,3,27,2,2,1,3,0,1,0,True,28
8233,0,1,6,2,0,14896,1,5,1,3,1,4,4,68,1,2,1,4,0,1,0,True,28
7911,0,1,12,2,0,1228,1,3,4,2,1,2,1,24,3,2,1,2,0,1,0,True,28
7873,1,2,36,4,3,2337,1,5,4,3,1,4,1,36,3,2,1,3,0,1,0,True,28
8648,1,1,6,4,2,1872,1,1,4,3,1,4,4,36,3,3,3,4,0,1,0,True,28
168,1,4,15,2,2,2221,3,3,2,2,1,4,3,20,3,1,1,3,0,1,0,True,28
882,1,3,42,4,1,4796,1,5,4,3,1,4,4,56,3,3,1,3,0,1,0,True,28
4748,1,4,27,3,9,5117,1,4,3,3,1,4,3,26,3,2,2,3,0,1,0,True,28
4470,1,1,24,2,2,3149,1,2,4,3,1,1,4,22,1,3,1,3,0,1,0,True,28
5934,1,2,24,3,2,2333,5,2,4,3,1,2,2,29,1,2,1,2,0,1,0,True,28
9259,1,4,15,2,1,1300,5,5,4,3,1,4,4,45,1,3,1,3,1,1,0,True,28
7202,0,2,24,4,9,1935,1,5,4,1,1,4,1,31,3,2,2,3,0,1,0,True,28
7842,1,4,18,4,1,3229,5,1,2,3,1,4,4,38,3,2,1,4,0,1,0,True,28
1483,1,4,15,4,3,1829,1,5,4,3,1,4,3,46,3,2,2,3,0,1,0,True,28
7976,1,4,30,2,3,2333,3,5,4,3,1,2,3,30,1,2,1,4,0,1,0,True,28
8589,1,4,24,2,1,5433,5,1,2,2,1,4,2,26,3,1,1,4,0,1,0,True,28
3255,1,3,24,2,3,5152,1,4,4,3,1,2,3,25,1,2,1,3,0,1,0,True,28
1616,1,2,18,4,9,1887,5,3,4,4,1,4,1,28,1,2,2,3,0,1,0,True,28
9284,1,4,24,4,0,2022,1,3,4,2,1,4,3,37,3,2,1,3,0,1,0,True,28
8576,0,1,18,2,3,1345,1,3,4,4,1,3,1,26,3,2,1,3,0,1,0,True,28
3575,0,2,30,3,3,1919,2,2,4,3,1,3,4,30,2,2,2,4,0,1,0,True,28
2295,1,2,36,2,6,2273,1,4,3,3,1,1,3,32,3,2,2,3,1,1,0,True,28
5869,1,4,4,2,2,601,1,2,1,2,1,3,1,23,3,1,1,2,1,1,0,True,28
8211,1,3,15,4,1,2360,3,3,2,3,1,2,3,36,3,2,1,3,0,1,0,True,28
2315,0,2,48,2,9,15672,1,3,2,3,1,2,3,23,3,2,1,3,0,1,0,True,28
8167,1,4,36,4,0,3535,1,4,4,3,1,4,3,37,3,2,2,3,0,1,0,True,28
8223,0,3,15,2,3,2327,1,2,2,2,1,3,1,25,3,2,1,2,0,1,0,True,28
3370,1,4,60,2,0,10366,1,5,2,3,1,4,2,42,3,2,1,4,0,1,0,True,28
4588,0,4,18,3,2,1808,1,4,4,2,1,1,1,22,3,2,1,3,0,1,0,True,28
2429,1,2,21,4,2,2745,4,4,3,3,1,2,3,32,3,2,2,3,0,1,0,True,28
197,0,3,15,2,3,2327,1,2,2,2,1,3,1,25,3,2,1,2,0,1,0,True,28
8518,1,4,4,4,3,1503,1,4,2,3,1,1,1,42,3,2,2,2,1,1,0,True,28
1964,1,1,9,2,3,1364,1,4,3,3,1,4,1,59,3,2,1,3,0,1,0,True,28
3372,0,2,12,2,3,6468,5,1,2,3,1,1,4,52,3,2,1,4,0,1,0,True,28
5461,1,2,12,2,8,754,5,5,4,3,1,4,2,38,3,2,2,3,0,1,0,True,28
3174,0,2,24,2,0,1355,1,2,3,2,1,4,3,25,3,2,1,2,0,1,0,True,28
826,1,4,24,2,0,1469,2,5,4,4,1,4,1,41,3,1,1,2,0,1,0,True,28
6698,1,2,36,1,4,3990,5,2,3,2,1,2,4,29,1,2,1,1,0,1,0,True,28
1747,1,2,18,3,9,2427,5,5,4,3,1,2,2,42,3,2,2,3,0,1,0,True,28
5432,0,1,12,4,2,2246,1,5,3,3,1,3,2,60,3,2,2,3,0,1,0,True,28
5972,1,2,7,2,3,2415,1,3,3,3,3,2,1,34,3,2,1,3,0,1,0,True,28
2592,0,1,18,2,6,750,1,1,4,2,1,1,1,27,3,2,1,1,0,1,0,True,28
8947,1,4,24,2,2,929,5,4,4,3,1,2,3,31,2,2,1,3,0,1,0,True,28
6537,0,3,9,0,3,1337,1,2,4,3,1,2,3,34,3,2,2,4,0,1,0,True,28
4141,1,2,6,3,9,1449,2,5,1,1,1,2,3,31,1,2,2,3,1,1,0,True,28
8529,1,4,12,4,9,1412,1,3,4,2,3,2,1,29,3,2,2,4,0,1,0,True,28
3809,1,4,18,2,3,1453,1,2,3,2,1,1,1,26,3,2,1,3,0,1,0,True,28
5492,1,4,4,4,3,1544,1,4,2,3,1,1,1,42,3,2,3,2,1,1,0,True,28
4162,1,4,12,4,2,3331,1,5,2,3,1,4,2,42,2,2,1,3,0,1,0,True,28
672,0,4,24,2,3,2397,3,5,3,3,1,2,3,35,1,2,2,3,0,1,0,True,28
1768,1,4,42,4,2,4041,3,3,4,3,1,4,1,36,3,2,2,3,0,1,0,True,28
9881,0,2,30,2,0,2150,1,3,4,2,3,2,4,24,1,2,1,3,0,1,0,True,28
2265,1,2,12,4,1,1860,1,1,4,3,1,2,3,34,3,2,2,4,0,1,0,True,28
6912,0,2,48,0,9,14421,1,3,2,3,1,2,3,25,2,2,1,3,0,1,0,True,28
4556,1,4,12,3,1,1503,1,3,4,4,1,4,1,41,3,1,1,3,0,1,0,True,28
8798,1,1,24,1,2,2828,3,3,4,3,1,4,1,22,2,2,1,3,0,1,0,True,28
6814,0,2,12,2,2,2762,5,5,1,2,1,2,2,25,3,2,1,3,0,1,0,True,28
6004,1,2,13,2,3,2101,1,2,2,2,3,4,2,23,3,2,1,2,0,1,0,True,28
9708,1,2,12,2,1,2028,5,3,4,3,1,2,3,30,3,2,1,3,0,1,0,True,28
990,1,4,54,0,1,9436,5,3,2,3,1,2,2,39,3,2,1,2,1,1,0,True,28
7582,1,1,11,4,0,3939,1,3,1,3,1,2,1,40,3,2,2,2,1,1,0,True,28
104,1,3,24,4,2,3617,5,5,4,3,2,4,4,20,3,1,2,3,0,1,0,True,28
5602,1,2,24,4,6,5743,1,2,2,2,1,4,4,24,3,3,2,3,0,1,0,True,28
3228,1,2,18,2,9,2622,2,3,4,3,1,4,3,34,3,2,1,3,0,1,0,True,28
2066,1,4,18,2,3,2051,1,2,4,3,1,1,1,33,3,2,1,3,0,1,0,True,28
8313,0,3,12,1,9,609,1,2,4,2,1,1,1,26,1,2,1,1,0,1,0,True,28
4419,0,3,9,0,3,1337,1,2,4,3,1,2,3,34,3,2,2,4,0,1,0,True,28
1060,1,4,24,4,3,2684,1,3,4,3,1,2,1,35,3,2,2,2,0,1,0,True,28
9597,1,4,9,2,2,2301,2,2,2,2,1,4,2,22,3,1,1,3,0,1,0,True,28
3764,1,4,14,3,0,802,1,3,4,3,1,2,3,27,3,2,2,2,0,1,0,True,28
9933,1,3,15,2,6,1905,1,5,4,3,1,4,3,40,3,1,1,4,0,1,0,True,28
1090,1,3,42,0,9,6289,1,2,2,1,1,1,2,33,3,2,2,3,0,1,0,True,28
5170,1,2,12,4,0,958,1,4,2,3,1,3,1,47,3,2,2,2,1,1,0,True,28
3303,0,1,12,1,3,626,1,3,4,2,1,4,1,24,1,2,1,2,0,1,0,True,28
8257,1,2,48,2,0,8487,5,4,1,2,1,2,3,24,3,2,1,3,0,1,0,True,28
2261,0,2,12,2,2,2762,5,5,1,2,1,2,2,25,3,2,1,3,0,1,0,True,28
5399,0,1,12,2,0,900,5,3,4,4,1,2,3,23,3,2,1,3,0,1,0,True,28
7287,0,4,36,4,2,7127,1,2,2,2,1,4,2,23,3,1,2,3,0,1,0,True,28
6307,1,2,24,4,9,2825,5,4,4,3,1,3,4,34,3,2,2,3,1,1,0,True,28
5479,1,4,36,4,1,5842,1,5,2,3,1,2,2,35,3,2,2,3,1,1,0,True,28
6696,0,2,12,2,0,1223,1,5,1,1,1,1,1,46,3,1,2,3,0,1,0,True,28
847,1,2,36,4,3,2337,1,5,4,3,1,4,1,36,3,2,1,3,0,1,0,True,28
2372,0,2,12,2,0,888,1,5,4,3,1,4,3,41,1,2,1,2,1,1,0,True,28
1037,1,2,36,2,3,2323,1,4,4,3,1,4,3,24,3,1,1,3,0,1,0,True,28
1976,1,4,33,3,9,2764,1,3,2,2,1,2,3,26,3,2,2,3,0,1,0,True,28
9362,0,1,12,2,6,684,1,3,4,3,1,4,3,40,3,1,1,2,1,1,0,True,28
3368,0,2,48,0,10,18424,1,3,1,2,1,2,2,32,1,2,1,4,0,1,1,True,28
9782,1,1,12,2,2,1858,1,2,4,2,1,1,3,22,3,1,1,3,0,1,0,True,28
853,0,1,42,2,3,7174,5,4,4,2,1,3,3,30,3,2,1,4,0,1,0,True,28
1076,1,2,18,2,3,866,1,3,4,4,3,2,1,25,3,2,1,2,0,1,0,True,28
248,1,2,16,4,0,1175,1,1,2,3,1,3,3,68,3,3,3,1,0,1,0,True,28
5578,1,4,6,4,0,250,4,3,2,2,1,2,1,41,1,2,2,2,0,1,0,True,28
5004,1,4,15,2,1,3812,2,2,1,2,1,4,3,23,3,2,1,3,0,1,0,True,28
6561,1,4,24,2,0,1249,1,2,4,4,1,2,1,28,3,2,1,3,0,1,0,True,28
504,1,2,7,2,3,2329,1,2,1,2,3,1,1,45,3,2,1,3,0,1,0,True,28
5057,1,3,30,4,3,3656,5,5,4,3,1,4,2,49,2,2,2,2,0,1,0,True,28
6204,0,3,10,2,0,1240,2,5,1,2,1,4,4,48,3,3,1,2,1,1,0,True,28
8952,1,3,15,2,6,1905,1,5,4,3,1,4,3,40,3,1,1,4,0,1,0,True,28
1099,1,4,36,4,0,3535,1,4,4,3,1,4,3,37,3,2,2,3,0,1,0,True,28
2693,0,1,12,4,0,691,1,5,4,3,1,3,2,35,3,2,2,3,0,1,0,True,28
6884,1,4,12,2,3,3077,1,3,2,3,1,4,3,52,3,2,1,3,0,1,0,True,28
6197,1,3,10,2,2,1275,1,2,4,2,1,2,2,23,3,2,1,3,0,1,0,True,28
8775,1,4,15,4,2,1520,5,5,4,3,1,4,2,63,3,2,1,3,0,1,0,True,28
2076,1,4,12,4,9,1412,1,3,4,2,3,2,1,29,3,2,2,4,0,1,0,True,28
8882,0,2,12,2,0,888,1,5,4,3,1,4,3,41,1,2,1,2,1,1,0,True,28
5781,1,1,6,4,0,666,4,4,3,2,1,4,1,39,3,2,2,2,0,1,0,True,28
716,1,2,18,2,9,1913,4,2,3,4,1,3,1,36,1,2,1,3,0,1,0,True,28
8203,0,1,18,2,3,1345,1,3,4,4,1,3,1,26,3,2,1,3,0,1,0,True,28
4045,0,1,12,2,3,727,2,2,4,4,1,3,4,33,3,2,1,2,0,1,0,True,28
5637,0,2,18,2,2,1924,5,2,4,2,1,3,1,27,3,1,1,3,0,1,0,True,28
3386,0,1,27,0,9,5293,1,1,2,3,1,4,2,50,3,2,2,3,0,1,0,True,28
6557,1,2,18,3,9,2427,5,5,4,3,1,2,2,42,3,2,2,3,0,1,0,True,28
2712,0,2,27,4,3,2520,3,3,4,3,1,2,2,23,3,2,2,2,0,1,0,True,28
2766,0,4,18,2,0,6761,5,3,2,3,1,4,3,68,2,1,2,3,0,1,0,True,28
2085,0,2,12,0,2,2969,1,2,4,2,1,3,2,25,3,1,2,3,0,1,0,True,28
1769,1,4,60,2,0,10366,1,5,2,3,1,4,2,42,3,2,1,4,0,1,0,True,28
2888,0,2,6,1,0,931,2,2,1,2,1,1,2,32,2,2,1,2,0,1,0,True,28
6602,0,2,36,0,3,3804,1,3,4,2,1,1,3,42,3,2,1,3,0,1,0,True,28
677,1,3,36,2,3,4473,1,5,4,3,1,2,3,31,3,2,1,3,0,1,0,True,28
2933,0,2,48,2,2,9960,1,2,1,2,1,2,3,26,1,2,1,3,0,1,0,True,28
3741,1,4,24,2,0,1525,4,4,4,2,1,3,3,34,3,2,1,3,1,1,0,True,28
3576,1,4,36,2,1,8133,1,3,1,2,1,2,2,30,1,2,1,3,0,1,0,True,28
2509,1,4,24,2,0,1393,1,3,2,3,3,2,1,31,3,2,1,3,0,1,0,True,28
7547,1,4,6,2,6,1538,1,2,1,2,1,2,4,56,3,2,1,3,0,1,0,True,28
2603,1,1,15,2,0,2511,1,1,1,2,1,4,3,23,3,1,1,3,0,1,0,True,28
5379,0,4,21,3,9,2580,3,2,4,3,1,2,1,41,1,2,1,2,1,1,0,True,28
3613,1,4,36,4,3,3342,5,5,4,3,1,2,3,51,3,2,1,3,0,1,0,True,28
2697,1,1,6,2,2,1374,1,3,1,3,1,2,1,36,1,2,1,2,0,1,0,True,28
6988,0,2,9,1,1,5129,1,5,2,2,1,4,4,74,1,3,1,4,1,1,0,True,28
9378,1,4,24,4,2,5150,1,5,4,3,1,4,3,33,3,2,1,3,0,1,0,True,28
8544,1,3,6,4,6,1047,1,3,2,2,1,4,2,50,3,2,1,2,0,1,0,True,28
7476,1,4,60,3,3,15653,1,4,2,3,1,4,3,21,3,2,2,3,0,1,0,True,28
9913,1,2,48,1,0,12169,5,1,4,3,2,4,4,36,3,3,1,4,0,1,0,True,28
8896,1,4,21,4,1,3275,1,5,1,3,1,4,3,36,3,2,1,4,0,1,0,True,28
9874,1,1,11,4,0,3939,1,3,1,3,1,2,1,40,3,2,2,2,1,1,0,True,28
9805,0,4,36,2,6,1819,1,3,4,3,1,4,4,37,2,3,1,3,0,1,0,True,28
7875,1,4,6,2,6,1538,1,2,1,2,1,2,4,56,3,2,1,3,0,1,0,True,28
1834,1,3,24,4,3,3148,5,3,3,3,1,2,3,31,3,2,2,3,0,1,0,True,28
5117,1,1,42,4,5,3394,1,1,4,3,2,4,3,65,3,2,2,1,0,1,0,True,28
868,1,1,36,2,2,3620,1,3,1,3,3,2,2,37,3,2,1,3,1,1,0,True,28
9963,1,4,11,4,0,7228,1,3,1,3,1,4,2,39,3,2,2,2,0,1,0,True,28
9459,1,4,24,2,3,1552,1,4,3,3,1,1,3,32,1,2,1,3,1,1,0,True,28
3369,0,2,39,4,3,4933,1,4,2,3,3,2,1,25,3,2,2,3,0,1,0,True,28
3622,0,1,36,4,1,9629,1,4,4,3,1,4,3,24,3,2,2,3,0,1,0,True,28
1906,1,4,12,2,1,1413,4,4,3,3,1,2,2,55,3,2,1,3,0,1,1,True,28
9965,0,4,21,3,9,2580,3,2,4,3,1,2,1,41,1,2,1,2,1,1,0,True,28
9528,1,4,24,2,3,1552,1,4,3,3,1,1,3,32,1,2,1,3,1,1,0,True,28
2804,1,2,12,4,0,1995,2,2,4,3,1,1,3,27,3,2,1,3,0,1,0,True,28
1283,0,1,18,1,0,1442,1,4,4,3,1,4,4,32,1,3,2,2,1,1,0,True,28
7573,1,2,21,4,9,3652,1,4,2,3,1,3,2,27,3,2,2,3,0,1,0,True,28
3666,0,1,18,4,0,3966,1,5,1,2,1,4,1,33,1,1,3,3,0,1,0,True,28
9585,0,1,18,1,2,1553,1,3,4,3,1,3,3,44,1,2,1,3,0,1,0,True,28
5484,1,4,15,2,3,1213,3,5,4,3,1,3,2,47,2,2,1,3,0,1,0,True,28
3555,0,2,6,1,0,931,2,2,1,2,1,1,2,32,2,2,1,2,0,1,0,True,28
5408,1,4,18,2,2,1984,1,3,4,3,1,4,4,47,1,3,2,3,0,1,0,True,28
1774,1,2,18,2,9,1941,4,3,4,3,1,2,2,35,3,2,1,2,0,1,0,True,28
6861,1,4,24,4,6,1927,5,3,3,2,1,2,3,33,3,2,2,3,0,1,0,True,28
613,1,4,15,2,1,1300,5,5,4,3,1,4,4,45,1,3,1,3,1,1,0,True,28
4664,1,4,24,3,0,2032,1,5,4,3,1,4,4,60,3,3,2,3,0,1,0,True,28
6235,1,4,24,4,1,5804,4,3,4,3,1,2,1,27,3,2,2,3,0,1,0,True,28
4427,1,4,4,4,0,3380,1,4,1,2,1,1,1,37,3,2,1,3,1,1,0,True,28
185,1,4,24,2,3,1901,2,3,4,3,1,4,3,29,3,1,1,4,0,1,0,True,28
7310,1,4,12,4,3,2331,5,5,1,3,2,4,1,49,3,2,1,3,0,1,0,True,28
8287,1,1,6,2,4,343,1,2,4,2,1,1,1,27,3,2,1,3,0,1,0,True,28
5061,1,4,6,4,0,2080,3,3,1,4,1,2,3,24,3,2,1,3,0,1,0,True,28
7224,1,4,24,3,9,3863,1,3,1,3,1,2,4,32,3,3,1,3,0,1,0,True,28
2457,1,4,4,2,2,601,1,2,1,2,1,3,1,23,3,1,1,2,1,1,0,True,28
5441,1,2,15,4,9,2326,3,3,2,3,1,4,3,27,1,2,1,3,0,1,0,True,28
9340,0,2,48,0,9,14421,1,3,2,3,1,2,3,25,2,2,1,3,0,1,0,True,28
167,1,2,15,2,5,2631,2,3,3,2,1,2,1,25,3,2,1,2,0,1,0,True,28
1186,0,1,24,1,3,1546,1,4,4,3,3,4,3,24,1,1,1,2,0,1,0,True,28
3888,0,4,6,2,2,4611,1,2,1,2,1,4,2,32,3,2,1,3,0,1,0,True,28
5318,1,4,36,3,3,4454,1,3,4,2,1,4,1,34,3,2,2,3,0,1,0,True,28
4831,1,4,15,2,1,3029,1,4,2,3,1,2,3,33,3,2,1,3,0,1,0,True,28
6777,1,4,12,2,0,2390,5,5,4,3,1,3,3,50,3,2,1,3,0,1,0,True,28
4549,1,3,12,2,2,2251,1,3,1,2,1,2,3,46,3,2,1,2,0,1,0,True,28
2609,1,4,12,2,9,1076,1,3,2,4,1,2,1,26,3,2,1,3,0,1,0,True,28
9784,0,1,24,2,0,1207,1,2,4,2,1,4,2,24,3,1,1,3,0,1,0,True,28
5022,1,4,12,4,3,717,1,5,4,3,1,4,1,52,3,2,3,3,0,1,0,True,28
6905,1,2,18,3,9,2427,5,5,4,3,1,2,2,42,3,2,2,3,0,1,0,True,28
4192,1,4,12,2,3,1262,1,3,3,3,1,2,3,25,3,2,1,3,0,1,0,True,28
7523,0,1,24,2,3,2439,1,2,4,2,1,4,1,35,3,2,1,3,0,1,0,True,28
9543,1,3,18,1,3,1445,5,4,4,3,1,4,3,49,1,2,1,2,0,1,0,True,28
7877,1,2,12,4,3,3573,1,3,1,2,1,1,1,23,3,2,1,2,0,1,0,True,28
7634,0,1,18,2,2,2462,1,3,2,3,1,2,3,22,3,2,1,3,0,1,0,True,28
758,0,2,30,3,3,1919,2,2,4,3,1,3,4,30,2,2,2,4,0,1,0,True,28
9166,0,1,24,2,0,4817,1,4,2,3,2,3,2,31,3,2,1,3,0,1,0,True,28
3637,1,4,24,4,3,1851,1,4,4,4,3,2,3,33,3,2,2,3,0,1,0,True,28
5784,1,4,12,4,0,926,1,1,1,2,1,2,2,38,3,2,1,1,0,1,0,True,28
8474,1,4,12,4,3,522,3,5,4,3,1,4,2,42,3,2,2,3,1,1,0,True,28
5283,1,4,18,2,3,1126,5,2,4,2,1,2,1,21,3,1,1,3,0,1,0,True,28
8826,1,4,12,4,0,1255,1,5,4,3,1,4,1,61,3,2,2,2,0,1,0,True,28
4715,1,4,24,2,3,1533,1,2,4,2,1,3,3,38,2,2,1,3,0,1,0,True,28
5973,1,3,10,2,4,1225,1,3,2,3,1,2,3,37,3,2,1,3,0,1,0,True,28
3286,1,4,24,4,1,2197,5,4,4,3,1,4,3,43,3,2,2,3,1,1,0,True,28
1337,1,1,15,2,2,1845,1,2,4,2,3,1,2,46,3,1,1,3,0,1,0,True,28
8690,0,2,36,2,0,12389,5,3,1,3,1,4,4,37,1,3,1,3,0,1,0,True,28
9172,1,4,18,2,9,1950,1,4,4,3,1,1,3,34,2,2,2,3,0,1,0,True,28
9261,1,2,15,2,3,1444,5,2,4,3,1,1,2,23,3,2,1,3,0,1,0,True,28
9987,1,1,12,1,8,339,1,5,4,4,1,1,3,45,1,2,1,2,0,1,0,True,28
3778,1,4,18,2,2,2515,1,3,3,3,1,4,1,43,3,2,1,3,0,1,0,True,28
2442,0,4,24,3,9,8648,1,2,2,3,1,2,3,27,1,2,2,3,0,1,0,True,28
1563,0,2,12,2,0,888,1,5,4,3,1,4,3,41,1,2,1,2,1,1,0,True,28
2582,1,1,6,2,2,428,1,5,2,2,1,1,2,49,1,2,1,3,0,1,0,True,28
1297,1,4,12,2,3,3059,4,4,2,1,1,4,1,61,3,2,1,2,0,1,0,True,28
2173,0,4,36,3,9,7980,5,2,4,3,1,4,3,27,3,1,2,3,0,1,0,True,28
6773,1,1,9,2,2,2136,1,3,3,3,1,2,1,25,3,2,1,3,0,1,0,True,28
3304,1,4,24,4,9,4139,2,3,3,3,1,3,2,27,3,2,2,2,0,1,0,True,28
7773,0,4,48,2,9,3914,5,3,4,1,1,2,1,38,1,2,1,3,0,1,0,True,28
9627,1,4,12,0,2,2759,1,5,2,3,1,4,2,34,3,2,2,3,0,1,0,True,28
8112,1,4,30,4,3,5771,1,4,4,2,1,2,3,25,3,2,2,3,0,1,0,True,28
269,1,2,12,2,8,754,5,5,4,3,1,4,2,38,3,2,2,3,0,1,0,True,28
2277,1,4,30,2,3,2333,3,5,4,3,1,2,3,30,1,2,1,4,0,1,0,True,28
3545,1,2,36,4,1,5800,1,3,3,3,1,4,3,34,3,2,2,3,0,1,0,True,28
8658,0,2,30,0,9,4280,2,3,4,2,1,4,3,26,3,1,2,2,0,1,0,True,28
3469,1,1,24,2,1,2964,5,5,4,3,1,4,4,49,1,3,1,3,1,1,0,True,28
7521,0,2,30,2,0,2150,1,3,4,2,3,2,4,24,1,2,1,3,0,1,0,True,28
6359,1,4,10,2,0,1364,1,3,2,2,1,4,3,64,3,2,1,3,0,1,0,True,28
1464,1,4,27,3,9,5117,1,4,3,3,1,4,3,26,3,2,2,3,0,1,0,True,28
3916,1,1,6,4,3,1169,5,5,4,3,1,4,1,67,3,2,2,3,0,1,0,True,28
2005,1,2,30,2,3,2991,5,5,2,2,1,4,3,25,3,2,1,3,0,1,0,True,28
5933,1,2,18,2,3,1301,1,5,4,4,3,2,1,32,3,2,1,2,0,1,0,True,28
735,0,4,36,4,2,7127,1,2,2,2,1,4,2,23,3,1,2,3,0,1,0,True,28
7366,1,3,12,2,3,1297,1,3,3,4,1,4,1,23,3,1,1,3,0,1,0,True,28
8023,0,1,12,2,2,1282,1,3,2,2,1,4,3,20,3,1,1,3,0,1,0,True,28
9778,1,1,21,2,2,3599,1,4,1,2,1,4,3,26,3,1,1,2,0,1,0,True,28
6734,0,4,18,1,0,6458,1,5,2,3,1,4,4,39,1,2,2,4,1,1,0,True,28
5651,1,1,18,2,0,2249,2,4,4,3,1,3,3,30,3,2,1,4,1,1,0,True,28
5034,1,4,48,4,3,3578,5,5,4,3,1,1,1,47,3,2,1,3,0,1,0,True,28
1237,0,1,24,2,0,3123,1,2,4,2,1,1,2,27,3,2,1,3,0,1,0,True,28
9839,1,1,42,4,5,3394,1,1,4,3,2,4,3,65,3,2,2,1,0,1,0,True,28
6041,1,1,21,2,3,2606,1,2,4,2,1,4,2,28,3,1,1,4,0,1,0,True,28
3869,0,2,48,0,9,3844,2,4,4,3,1,4,4,34,3,3,1,2,1,1,0,True,28
9788,1,3,12,2,3,1297,1,3,3,4,1,4,1,23,3,1,1,3,0,1,0,True,28
5959,1,2,7,2,3,2415,1,3,3,3,3,2,1,34,3,2,1,3,0,1,0,True,28
8945,1,2,18,2,3,1113,1,3,4,2,3,4,1,26,3,2,1,2,1,1,0,True,28
339,1,4,15,2,3,1979,5,5,4,3,1,2,3,35,3,2,1,3,0,1,0,True,28
5041,1,4,24,2,1,2670,1,5,4,3,1,4,3,35,3,2,1,4,0,1,0,True,28
8242,1,1,12,3,0,1344,1,3,4,3,1,2,1,43,3,2,2,2,1,1,0,True,28
8484,0,1,21,1,0,1647,5,3,4,3,1,2,2,40,1,2,2,2,1,1,0,True,28
1772,0,4,18,2,0,6761,5,3,2,3,1,4,3,68,2,1,2,3,0,1,0,True,28
6755,0,1,24,2,3,1987,1,3,2,3,1,4,1,21,3,1,1,2,1,1,0,True,28
1047,1,4,24,4,6,1597,1,5,4,3,1,4,4,54,3,3,2,3,1,1,0,True,28
3489,1,4,18,4,3,1098,1,1,4,2,1,4,3,65,3,2,2,1,0,1,0,True,28
8568,1,4,24,4,0,1287,4,5,4,2,1,4,1,37,3,2,2,3,0,1,0,True,28
6544,0,4,18,2,3,433,1,1,3,2,2,4,1,22,3,1,1,3,0,1,0,True,28
6403,1,1,12,2,3,2214,1,3,4,3,1,3,2,24,3,2,1,2,0,1,0,True,28
2049,1,1,6,4,0,3676,1,3,1,3,1,3,1,37,3,1,3,3,1,1,0,True,28
657,1,2,12,4,1,1804,2,2,3,3,1,4,2,44,3,2,1,3,0,1,0,True,28
6237,0,1,30,2,2,3108,1,2,2,1,1,4,2,31,3,2,1,2,0,1,0,True,28
6116,1,4,12,2,1,4675,5,2,1,2,1,4,3,20,3,1,1,3,0,1,0,True,28
5072,1,4,18,2,1,3378,5,3,2,3,1,1,2,31,3,2,1,3,0,1,0,True,28
5222,0,1,30,2,2,3108,1,2,2,1,1,4,2,31,3,2,1,2,0,1,0,True,28
2796,1,4,12,4,3,522,3,5,4,3,1,4,2,42,3,2,2,3,1,1,0,True,28
3366,0,1,12,2,6,795,1,2,4,2,1,4,2,53,3,2,1,3,0,1,0,True,28
1826,1,2,36,1,4,3990,5,2,3,2,1,2,4,29,1,2,1,1,0,1,0,True,28
3294,1,4,22,2,3,2675,3,5,3,3,1,4,3,40,3,2,1,3,0,1,0,True,28
3676,0,2,18,2,2,1924,5,2,4,2,1,3,1,27,3,1,1,3,0,1,0,True,28
2469,1,1,6,2,0,1374,5,1,4,2,1,3,2,75,3,2,1,4,0,1,0,True,28
5912,1,1,30,0,9,8072,5,2,2,3,1,3,3,25,1,2,3,3,0,1,0,True,28
7914,1,2,30,2,3,1715,5,3,4,2,1,1,3,26,3,2,1,3,0,1,0,True,28
4919,0,4,48,2,9,4844,1,1,3,3,1,2,3,33,3,1,1,4,0,1,0,True,28
7157,1,4,9,4,0,1224,1,3,3,3,1,1,1,30,3,2,2,3,0,1,0,True,28
1733,1,4,18,4,3,629,3,5,4,3,1,3,2,32,1,2,2,4,0,1,0,True,28
4552,1,4,12,4,3,1240,5,5,4,2,1,2,1,38,3,2,2,3,0,1,0,True,28
4819,1,4,21,4,1,3275,1,5,1,3,1,4,3,36,3,2,1,4,0,1,0,True,28
6954,0,2,48,0,9,14421,1,3,2,3,1,2,3,25,2,2,1,3,0,1,0,True,28
7675,1,1,24,2,1,2812,5,5,2,2,1,4,1,26,3,1,1,3,0,1,0,True,28
3718,1,1,24,1,2,2828,3,3,4,3,1,4,1,22,2,2,1,3,0,1,0,True,28
1269,0,1,42,2,3,3965,1,2,4,3,1,3,3,34,3,2,1,3,0,1,0,True,28
2877,1,4,10,2,0,1597,3,3,3,3,1,2,4,40,3,1,1,2,1,1,1,True,28
877,0,1,12,4,0,3499,1,3,3,2,2,2,1,29,3,2,2,3,0,1,0,True,28
4105,1,4,9,2,3,2697,1,3,1,3,1,2,1,32,3,2,1,3,1,1,0,True,28
5077,1,4,9,4,6,936,3,5,4,3,1,2,3,52,3,2,2,3,0,1,0,True,28
6952,1,4,30,4,1,7596,5,5,1,3,1,4,3,63,3,2,2,3,0,1,0,True,28
3053,1,4,36,3,2,7678,3,4,2,2,1,4,3,40,3,2,2,3,0,1,0,True,28
9616,1,4,10,2,1,2901,5,2,1,2,1,4,1,31,3,1,1,3,0,1,0,True,28
6350,1,4,15,2,2,2186,5,4,1,2,1,4,1,33,1,1,1,2,0,1,0,True,28
5246,1,4,12,3,1,1503,1,3,4,4,1,4,1,41,3,1,1,3,0,1,0,True,28
9624,0,4,36,2,2,10974,1,1,4,2,1,2,3,26,3,2,2,4,0,1,0,True,28
7013,1,1,6,4,2,1872,1,1,4,3,1,4,4,36,3,3,3,4,0,1,0,True,28
2685,1,4,12,4,3,2331,5,5,1,3,2,4,1,49,3,2,1,3,0,1,0,True,28
7888,1,4,24,2,2,5511,2,3,4,3,1,1,3,25,2,2,1,3,0,1,0,True,28
5627,0,2,36,3,9,4455,1,3,2,1,1,2,1,30,2,2,2,4,0,1,0,True,28
5545,0,2,9,4,6,1501,1,5,2,2,1,3,3,34,3,2,2,4,0,1,0,True,28
5494,1,4,12,2,0,2390,5,5,4,3,1,3,3,50,3,2,1,3,0,1,0,True,28
6367,0,3,12,4,0,939,3,4,4,4,1,2,1,28,3,2,3,3,0,1,0,True,28
254,0,2,24,3,2,2064,1,1,3,2,1,2,2,34,3,2,1,4,0,1,0,True,28
9309,1,3,24,2,3,5152,1,4,4,3,1,2,3,25,1,2,1,3,0,1,0,True,28
4308,1,2,36,2,6,3711,5,3,2,4,1,2,3,27,3,2,1,3,0,1,0,True,28
7474,1,2,12,2,2,983,4,2,1,2,1,4,1,19,3,1,1,2,0,1,0,True,28
2904,0,1,36,3,9,2145,1,4,2,3,1,1,3,24,3,2,2,3,0,1,0,True,28
8574,1,2,10,2,2,1521,1,3,4,1,1,2,3,31,3,2,1,2,0,1,0,True,28
8681,1,4,18,4,3,6070,1,5,3,3,1,4,3,33,3,2,2,3,0,1,0,True,28
5715,1,2,24,4,1,7758,4,5,2,2,1,4,4,29,3,1,1,3,0,1,0,True,28
9618,1,4,6,2,1,1236,3,3,2,3,1,4,2,50,3,1,1,3,0,1,0,True,28
9907,1,1,30,0,2,4583,1,3,2,1,3,2,1,32,3,2,2,3,0,1,0,True,28
1543,0,1,12,2,6,684,1,3,4,3,1,4,3,40,3,1,1,2,1,1,0,True,28
2125,0,2,36,2,1,9398,1,2,1,4,1,4,3,28,3,1,1,4,0,1,0,True,28
9368,1,4,6,2,3,1595,1,4,3,3,1,2,2,51,3,2,1,3,1,1,0,True,28
5106,1,4,11,4,3,1154,2,1,4,2,1,4,1,57,3,2,3,2,0,1,0,True,28
6513,1,2,24,4,3,1743,1,5,4,3,1,2,2,48,3,2,2,2,0,1,0,True,28
1776,1,2,9,2,0,1549,5,2,4,3,1,2,1,35,3,2,1,1,0,1,0,True,28
428,0,4,18,2,3,433,1,1,3,2,2,4,1,22,3,1,1,3,0,1,0,True,28
6040,1,1,10,2,3,2315,1,5,3,3,1,4,1,52,3,2,1,2,0,1,0,True,28
6176,1,4,30,4,3,6742,5,4,2,3,1,3,2,36,3,2,2,3,0,1,0,True,28
8548,0,2,18,4,0,1056,1,5,3,3,3,3,1,30,3,2,2,3,0,1,0,True,28
1046,0,2,15,1,0,1264,2,3,2,4,1,2,2,25,3,1,1,3,0,1,0,True,28
9885,1,2,36,2,6,2273,1,4,3,3,1,1,3,32,3,2,2,3,1,1,0,True,28
4857,1,2,12,2,2,3017,1,2,3,2,1,1,1,34,3,1,1,4,0,1,0,True,28
6219,0,2,48,0,10,18424,1,3,1,2,1,2,2,32,1,2,1,4,0,1,1,True,28
4932,0,2,12,2,2,951,2,2,4,2,1,4,3,27,1,1,4,3,0,1,0,True,28
5662,1,3,30,4,3,3017,1,5,4,3,1,4,2,47,3,2,1,3,0,1,0,True,28
8740,0,2,12,0,2,2969,1,2,4,2,1,3,2,25,3,1,2,3,0,1,0,True,28
2754,1,4,24,4,9,4526,1,3,3,3,1,2,1,74,3,2,1,4,0,1,0,True,28
6478,1,4,18,4,1,3229,5,1,2,3,1,4,4,38,3,2,1,4,0,1,0,True,28
5635,1,1,8,4,0,713,1,5,4,3,1,4,1,47,3,2,2,2,0,1,0,True,28
4039,1,2,18,3,9,2427,5,5,4,3,1,2,2,42,3,2,2,3,0,1,0,True,28
4722,0,1,36,2,3,2302,1,3,4,1,1,4,3,31,3,1,1,3,0,1,0,True,28
6028,1,1,48,2,6,7476,1,4,4,3,1,1,4,50,3,3,1,4,0,1,0,True,28
9922,0,1,24,1,10,1358,5,5,4,3,1,3,3,40,2,2,1,4,0,1,0,True,28
398,1,2,18,2,9,4439,1,5,1,3,2,1,1,33,1,2,1,4,0,1,0,True,28
1998,1,2,36,4,1,5800,1,3,3,3,1,4,3,34,3,2,2,3,0,1,0,True,28
4509,0,2,9,2,3,1670,1,2,4,2,1,2,3,22,3,2,1,3,0,1,0,True,28
165,1,1,21,2,3,3357,4,2,4,2,1,2,3,29,1,2,1,3,0,1,0,True,28
9095,1,4,24,2,1,9277,5,3,2,1,1,4,4,48,3,3,1,3,0,1,0,True,28
4121,1,4,18,2,9,1950,1,4,4,3,1,1,3,34,2,2,2,3,0,1,0,True,28
5054,0,4,36,2,6,1819,1,3,4,3,1,4,4,37,2,3,1,3,0,1,0,True,28
4663,0,2,24,2,1,11560,1,3,1,2,1,4,3,23,3,1,2,4,0,1,0,True,28
8462,1,2,36,4,3,2337,1,5,4,3,1,4,1,36,3,2,1,3,0,1,0,True,28
2021,1,3,24,4,9,1275,4,3,2,1,1,4,1,36,3,2,2,3,0,1,0,True,28
54,0,1,18,2,3,1345,1,3,4,4,1,3,1,26,3,2,1,3,0,1,0,True,28
861,0,4,24,3,9,8648,1,2,2,3,1,2,3,27,1,2,2,3,0,1,0,True,28
7980,1,4,9,2,6,3832,5,5,1,3,1,4,1,64,3,2,1,2,0,1,0,True,28
5890,0,4,24,3,0,2538,1,5,4,3,1,4,3,47,3,2,2,2,1,1,0,True,28
9515,1,2,18,2,6,1239,5,3,4,3,1,4,4,61,3,3,1,3,0,1,0,True,28
1548,1,3,12,2,3,1881,1,3,2,2,1,2,3,44,3,1,1,2,0,1,0,True,28
9777,0,2,9,2,2,959,1,3,1,2,1,2,3,29,1,2,1,3,0,1,0,True,28
7720,1,3,10,2,4,1225,1,3,2,3,1,2,3,37,3,2,1,3,0,1,0,True,28
5891,1,4,24,2,9,1258,1,4,4,3,1,1,1,25,3,2,1,3,0,1,0,True,28
5549,1,1,24,2,1,2964,5,5,4,3,1,4,4,49,1,3,1,3,1,1,0,True,28
9532,0,2,12,2,2,951,2,2,4,2,1,4,3,27,1,1,4,3,0,1,0,True,28
9989,0,4,15,2,6,4623,2,3,3,3,1,2,2,40,3,2,1,4,0,1,0,True,28
8917,1,4,10,2,0,1546,1,3,3,3,1,2,1,31,3,2,1,2,1,1,1,True,28
999,1,1,36,4,2,5371,1,3,3,3,3,2,2,28,3,2,2,3,0,1,0,True,28
737,1,2,15,2,5,2631,2,3,3,2,1,2,1,25,3,2,1,2,0,1,0,True,28
8060,1,2,6,2,3,2063,1,2,4,4,1,3,3,30,3,1,1,4,0,1,0,True,28
2405,0,2,24,1,6,1837,1,4,4,2,1,4,4,34,1,3,1,2,0,1,0,True,28
2898,1,4,22,2,0,1283,5,4,4,2,1,4,2,25,3,1,1,3,0,1,0,True,28
6129,0,2,24,0,9,4241,1,3,1,3,1,4,1,36,3,2,3,2,0,1,0,True,28
6871,0,2,24,4,3,1216,2,2,4,3,1,4,4,38,1,2,2,3,1,1,0,True,28
9779,1,1,10,4,2,2132,5,2,2,2,2,3,1,27,3,1,2,3,0,1,1,True,28
7397,1,2,14,2,9,1410,3,5,1,4,1,2,1,35,3,2,1,3,0,1,0,True,28
4305,1,2,6,2,3,753,1,3,2,2,3,3,1,64,3,2,1,3,0,1,0,True,28
4892,0,1,36,4,1,9629,1,4,4,3,1,4,3,24,3,2,2,3,0,1,0,True,28
8513,1,3,30,4,3,3656,5,5,4,3,1,4,2,49,2,2,2,2,0,1,0,True,28
9955,0,2,12,2,0,1223,1,5,1,1,1,1,1,46,3,1,2,3,0,1,0,True,28
2379,1,1,6,4,0,4716,5,2,1,3,1,3,1,44,3,2,2,2,1,1,0,True,28
2203,1,3,12,2,3,1297,1,3,3,4,1,4,1,23,3,1,1,3,0,1,0,True,28
7210,0,1,30,2,2,3108,1,2,2,1,1,4,2,31,3,2,1,2,0,1,0,True,28
9642,0,2,6,1,6,433,4,2,4,2,1,2,2,24,1,1,1,3,1,1,0,True,28
3743,1,1,9,2,2,2136,1,3,3,3,1,2,1,25,3,2,1,3,0,1,0,True,28
6576,0,2,12,2,0,836,2,2,4,2,1,2,2,23,1,2,1,2,0,1,0,True,28
6250,0,1,12,2,6,684,1,3,4,3,1,4,3,40,3,1,1,2,1,1,0,True,28
2058,1,4,6,2,2,1543,4,3,4,1,1,2,1,33,3,2,1,3,0,1,0,True,28
5589,1,4,12,2,0,2133,5,5,4,2,1,4,4,52,3,3,1,4,0,1,0,True,28
180,1,4,24,4,10,6314,1,1,4,3,2,2,4,27,1,2,2,4,0,1,0,True,28
3827,1,4,12,4,2,1935,1,5,4,3,1,4,1,43,3,2,3,3,0,1,0,True,28
1085,1,4,12,2,2,1768,1,3,3,3,1,2,1,24,3,1,1,2,0,1,0,True,28
5159,0,2,24,2,10,11328,1,3,2,3,2,3,3,29,1,2,2,4,0,1,0,True,28
3915,0,1,9,2,3,1366,1,2,3,2,1,4,2,22,3,1,1,3,0,1,0,True,28
6837,1,4,10,2,0,1597,3,3,3,3,1,2,4,40,3,1,1,2,1,1,1,True,28
9932,1,4,21,2,1,5248,5,3,1,3,1,3,3,26,3,2,1,3,0,1,0,True,28
903,1,4,24,4,1,2197,5,4,4,3,1,4,3,43,3,2,2,3,1,1,0,True,28
6680,1,4,6,3,3,935,1,3,3,2,1,2,1,24,3,2,1,3,0,1,0,True,28
5948,1,4,18,4,1,3850,1,4,3,3,1,1,3,27,3,2,2,3,0,1,0,True,28
3362,0,1,18,2,1,7511,5,5,1,3,1,4,2,51,3,3,1,3,1,1,0,True,28
5670,0,2,24,2,2,4057,1,4,3,1,1,3,3,43,3,2,1,3,0,1,0,True,28
2227,1,4,9,2,2,2301,2,2,2,2,1,4,2,22,3,1,1,3,0,1,0,True,28
3861,0,2,72,2,3,5595,2,3,2,4,1,2,3,24,3,2,1,3,0,1,0,True,28
7243,1,2,24,2,2,4351,5,3,1,2,1,4,2,48,3,2,1,2,0,1,0,True,28
6891,0,2,6,1,6,433,4,2,4,2,1,2,2,24,1,1,1,3,1,1,0,True,28
670,0,2,24,4,3,1216,2,2,4,3,1,4,4,38,1,2,2,3,1,1,0,True,28
8399,0,1,60,2,9,7297,1,5,4,3,2,4,4,36,3,1,1,3,0,1,0,True,28
8039,1,1,24,2,1,2812,5,5,2,2,1,4,1,26,3,1,1,3,0,1,0,True,28
9099,0,2,30,2,2,3441,2,3,2,2,2,4,3,21,1,1,1,3,0,1,0,True,28
5074,1,3,6,2,0,709,4,2,2,4,1,2,1,27,3,2,1,1,0,1,1,True,28
5392,1,4,9,4,0,1224,1,3,3,3,1,1,1,30,3,2,2,3,0,1,0,True,28
4113,1,4,24,3,9,2375,3,3,4,3,1,2,3,44,3,2,2,3,1,1,0,True,28
5113,1,1,12,4,0,2122,1,3,3,3,1,2,1,39,3,1,2,2,1,1,1,True,28
7905,1,4,24,3,0,2032,1,5,4,3,1,4,4,60,3,3,2,3,0,1,0,True,28
3356,1,2,15,4,3,1537,5,5,4,3,3,4,1,50,3,2,2,3,0,1,0,True,28
5760,0,2,30,4,0,5234,1,1,4,4,1,2,3,28,3,2,2,4,0,1,0,True,28
9439,1,3,24,4,3,3148,5,3,3,3,1,2,3,31,3,2,2,3,0,1,0,True,28
5059,1,4,6,4,0,362,2,3,4,2,1,4,3,52,3,2,2,2,0,1,0,True,28
1695,1,4,24,4,2,5150,1,5,4,3,1,4,3,33,3,2,1,3,0,1,0,True,28
2020,0,2,24,4,3,1216,2,2,4,3,1,4,4,38,1,2,2,3,1,1,0,True,28
419,0,2,36,2,0,12389,5,3,1,3,1,4,4,37,1,3,1,3,0,1,0,True,28
7885,0,1,15,0,0,950,1,5,4,3,1,3,3,33,3,1,2,3,1,1,0,True,28
2570,1,2,24,3,3,6403,1,2,1,3,1,2,3,33,3,2,1,3,0,1,0,True,28
7518,1,2,18,2,9,1941,4,3,4,3,1,2,2,35,3,2,1,2,0,1,0,True,28
7590,1,1,6,4,0,1361,1,2,2,3,1,4,1,40,3,2,1,2,1,1,1,True,28
8302,1,4,24,4,2,2028,1,4,2,3,1,2,2,30,3,2,2,2,0,1,0,True,28
3836,1,3,6,4,0,1299,1,3,1,3,1,1,1,74,3,2,3,1,1,1,1,True,28
7423,1,4,15,2,3,1213,3,5,4,3,1,3,2,47,2,2,1,3,0,1,0,True,28
2780,1,1,30,4,1,10623,1,5,3,3,1,4,4,38,3,3,3,4,1,1,0,True,28
9281,1,2,12,2,2,3017,1,2,3,2,1,1,1,34,3,1,1,4,0,1,0,True,28
8235,1,4,6,2,3,1346,2,5,2,3,1,4,4,42,1,3,1,3,1,1,0,True,28
7361,1,2,18,2,3,1301,1,5,4,4,3,2,1,32,3,2,1,2,0,1,0,True,28
2000,1,4,48,4,3,3578,5,5,4,3,1,1,1,47,3,2,1,3,0,1,0,True,28
5357,1,4,12,4,0,682,2,4,4,2,1,3,3,51,3,2,2,3,0,1,0,True,28
1192,1,4,18,2,2,1984,1,3,4,3,1,4,4,47,1,3,2,3,0,1,0,True,28
6528,1,3,12,3,0,2247,1,3,2,2,1,2,3,36,2,2,2,3,0,1,0,True,28
5507,1,2,48,2,3,3979,5,4,4,3,1,1,3,41,3,2,2,3,1,1,0,True,28
9022,1,1,12,4,1,1526,1,5,4,3,1,4,4,66,3,3,2,4,0,1,0,True,28
5482,1,4,10,2,3,1924,1,3,1,3,1,4,2,38,3,2,1,3,0,1,1,True,28
2038,1,1,6,4,0,666,4,4,3,2,1,4,1,39,3,2,2,2,0,1,0,True,28
5073,1,2,24,2,3,1967,1,5,4,2,1,4,3,20,3,2,1,3,0,1,0,True,28
7047,1,2,9,2,0,3195,5,3,1,2,1,2,1,33,3,2,1,2,0,1,0,True,28
5333,0,1,27,0,9,5293,1,1,2,3,1,4,2,50,3,2,2,3,0,1,0,True,28
3407,1,3,12,2,0,1330,1,2,4,3,1,1,1,26,3,2,1,3,0,1,0,True,28
7062,0,4,30,1,1,7485,5,1,4,2,1,1,1,53,1,2,1,4,0,1,0,True,28
9247,0,1,48,2,3,6999,1,4,1,4,3,1,1,34,3,2,2,3,0,1,0,True,28
912,1,3,10,4,3,1347,5,4,4,3,1,2,2,27,3,2,2,3,0,1,0,True,28
3222,1,1,6,2,2,1374,1,3,1,3,1,2,1,36,1,2,1,2,0,1,0,True,28
8924,1,4,18,2,3,1505,1,3,4,3,1,2,4,32,3,3,1,4,0,1,0,True,28
5199,0,2,36,0,9,1953,1,5,4,3,1,4,4,61,3,3,1,4,0,1,0,True,28
8190,1,4,24,2,0,7393,1,3,1,3,1,4,2,43,3,2,1,2,1,1,0,True,28
3794,1,1,21,4,0,571,1,5,4,3,1,4,1,65,3,2,2,3,0,1,0,True,28
7762,1,1,14,2,0,3973,1,1,1,3,1,4,4,22,3,3,1,3,0,1,0,True,28
3198,0,1,48,2,3,6758,1,3,3,2,1,2,3,31,3,2,1,3,0,1,0,True,28
8799,0,3,36,2,3,4210,1,3,4,3,1,2,3,26,3,2,1,3,0,1,0,True,28
5483,0,1,36,2,2,5179,1,4,4,3,1,2,2,29,3,2,1,3,0,1,0,True,28
8811,1,2,9,4,2,1919,1,4,4,3,1,3,3,35,3,1,1,3,0,1,0,True,28
2891,1,4,12,2,1,1413,4,4,3,3,1,2,2,55,3,2,1,3,0,1,1,True,28
3052,1,4,12,4,2,1402,3,4,3,2,1,4,3,37,3,1,1,3,0,1,0,True,28
7849,1,4,24,4,10,6314,1,1,4,3,2,2,4,27,1,2,2,4,0,1,0,True,28
2070,1,2,9,2,9,1391,1,3,2,4,1,1,1,27,1,2,1,3,0,1,0,True,28
6986,1,3,12,2,3,1297,1,3,3,4,1,4,1,23,3,1,1,3,0,1,0,True,28
6404,0,2,48,0,9,3844,2,4,4,3,1,4,4,34,3,3,1,2,1,0,0,True,28
5347,0,2,18,4,3,1245,1,3,4,4,1,2,3,33,3,2,1,3,0,0,0,True,28
2216,0,2,15,0,0,1778,1,2,2,2,1,1,1,26,3,1,2,1,0,0,0,True,28
3285,1,4,21,2,3,3160,5,5,4,3,1,3,2,41,3,2,1,3,0,0,0,True,28
911,1,3,15,2,6,392,1,2,4,2,1,4,2,23,3,1,1,3,0,0,0,True,28
8040,1,4,48,4,9,7629,5,5,4,1,1,2,3,46,1,2,2,4,1,0,0,True,28
5971,1,4,7,3,3,846,5,5,3,3,1,4,4,36,3,3,1,3,0,0,0,True,28
3409,1,2,48,3,10,7582,2,1,2,3,1,4,4,31,3,2,1,4,0,0,0,True,28
8377,1,2,12,4,0,1995,2,2,4,3,1,1,3,27,3,2,1,3,0,0,0,True,28
7659,1,3,10,2,0,3949,1,2,1,3,3,1,2,37,3,2,1,2,1,0,0,True,28
2940,0,4,18,4,0,1530,1,3,3,3,1,2,2,32,1,2,2,3,0,0,0,True,28
5680,1,1,12,2,2,1262,5,5,2,1,1,4,2,49,3,2,1,2,0,0,0,True,28
3216,1,4,10,4,2,2069,5,3,2,4,1,1,3,26,3,2,2,3,0,0,1,True,28
2177,1,2,18,4,2,3612,1,5,3,2,1,4,2,37,3,2,1,3,0,0,1,True,28
9504,1,4,60,3,3,15653,1,4,2,3,1,4,3,21,3,2,2,3,0,0,0,True,28
2144,1,4,24,2,2,929,5,4,4,3,1,2,3,31,2,2,1,3,0,0,0,True,28
394,1,1,42,2,2,7882,1,4,2,3,3,4,2,45,3,3,1,3,1,0,0,True,28
908,1,1,18,2,2,3650,1,2,1,2,1,4,3,22,3,1,1,3,0,0,0,True,28
9902,1,2,24,4,0,3878,2,2,4,1,1,2,3,37,3,2,1,3,0,0,0,True,28
5438,1,4,18,2,3,1473,1,2,3,4,1,4,1,39,3,2,1,3,0,0,0,True,28
2876,0,2,12,2,3,766,3,3,4,3,1,3,1,66,3,2,1,2,0,0,0,True,28
120,1,1,12,4,1,1409,1,5,4,3,1,3,1,54,3,2,1,3,0,0,0,True,28
1250,1,1,15,3,2,3643,1,5,1,2,1,4,2,27,3,2,2,2,0,0,0,True,28
9542,0,1,12,4,0,3499,1,3,3,2,2,2,1,29,3,2,2,3,0,0,0,True,28
2539,1,2,27,3,1,5965,1,5,1,3,1,2,3,30,3,2,2,4,0,0,0,True,28
7759,0,1,18,2,3,1345,1,3,4,4,1,3,1,26,3,2,1,3,0,0,0,True,28
2367,1,4,15,2,0,5324,3,5,1,2,1,4,4,35,3,3,1,3,0,0,0,True,28
5867,1,1,12,2,3,701,1,3,4,4,1,2,1,40,3,2,1,2,0,0,0,True,28
6706,1,4,24,3,9,2978,5,3,4,3,1,4,1,32,3,2,2,3,1,0,0,True,28
7620,0,1,24,2,2,3234,1,2,4,2,1,4,1,23,3,1,1,2,0,0,0,True,28
3554,0,3,9,0,3,1337,1,2,4,3,1,2,3,34,3,2,2,4,0,0,0,True,28
1681,0,2,18,4,0,884,1,5,4,3,1,4,3,36,3,2,1,3,1,0,0,True,28
7612,1,2,6,2,3,368,5,5,4,3,1,4,2,38,3,2,1,3,0,0,0,True,28
9988,1,1,6,2,2,428,1,5,2,2,1,1,2,49,1,2,1,3,0,0,0,True,28
3015,0,2,15,2,0,2631,2,3,2,2,1,4,3,28,3,1,2,3,0,0,0,True,28
2675,0,2,30,0,9,4280,2,3,4,2,1,4,3,26,3,1,2,2,0,0,0,True,28
2136,0,2,36,2,0,12389,5,3,1,3,1,4,4,37,1,3,1,3,0,0,0,True,28
5161,0,4,18,4,0,1530,1,3,3,3,1,2,2,32,1,2,2,3,0,0,0,True,28
577,0,2,18,2,2,1924,5,2,4,2,1,3,1,27,3,1,1,3,0,0,0,True,28
9749,1,2,18,2,9,2622,2,3,4,3,1,4,3,34,3,2,1,3,0,0,0,True,28
2809,0,2,9,2,3,1670,1,2,4,2,1,2,3,22,3,2,1,3,0,0,0,True,28
7468,1,4,12,0,2,2759,1,5,2,3,1,4,2,34,3,2,2,3,0,0,0,True,28
5555,1,1,15,4,2,975,1,3,2,1,1,3,2,25,3,2,2,3,0,0,0,True,28
5613,1,4,12,2,6,1393,1,5,4,3,1,4,2,47,1,2,3,3,1,0,0,True,28
2857,1,2,12,2,3,1158,3,3,3,1,1,1,3,26,3,2,1,3,0,0,0,True,28
463,0,1,48,0,2,7119,1,3,3,3,1,4,4,53,3,3,2,3,1,0,0,True,28
5321,1,4,30,4,3,2831,1,3,4,2,1,2,3,33,3,2,1,3,0,0,0,True,28
4311,0,1,18,2,2,1131,1,1,4,2,1,2,3,33,3,2,1,3,0,0,0,True,28
9108,1,2,15,2,5,1308,1,5,4,3,1,4,3,38,3,2,2,2,0,0,0,True,28
9662,1,4,12,2,1,1413,4,4,3,3,1,2,2,55,3,2,1,3,0,0,1,True,28
8783,1,4,24,4,9,4139,2,3,3,3,1,3,2,27,3,2,2,2,0,0,0,True,28
6787,1,4,24,2,0,1474,2,2,4,4,1,3,1,33,3,2,1,3,0,0,0,True,28
7387,1,3,9,2,3,1126,2,5,2,1,1,4,1,49,3,2,1,3,0,0,0,True,28
1235,1,2,18,2,3,866,1,3,4,4,3,2,1,25,3,2,1,2,0,0,0,True,28
8728,0,2,18,4,0,884,1,5,4,3,1,4,3,36,3,2,1,3,1,0,0,True,28
321,1,2,9,4,3,1154,1,5,2,3,1,4,1,37,3,2,3,2,0,0,0,True,28
8670,1,4,36,2,3,2299,3,5,4,3,1,4,3,39,3,2,1,3,0,0,0,True,28
9140,0,1,12,4,0,4843,1,5,3,3,2,4,2,43,3,1,2,3,0,0,0,True,28
7746,1,3,10,2,2,1275,1,2,4,2,1,2,2,23,3,2,1,3,0,0,0,True,28
5466,1,2,27,3,1,5965,1,5,1,3,1,2,3,30,3,2,2,4,0,0,0,True,28
4491,1,4,12,1,8,3447,3,3,4,2,1,3,1,35,3,2,1,2,1,0,0,True,28
2771,1,4,9,4,2,2406,1,1,2,3,1,3,3,31,3,2,1,4,0,0,0,True,28
3309,1,2,9,2,0,1549,5,2,4,3,1,2,1,35,3,2,1,1,0,0,0,True,28
5708,0,1,30,2,2,2406,1,4,4,2,1,4,1,23,3,1,1,3,0,0,0,True,28
69,1,1,24,2,2,7721,5,2,1,2,1,2,2,30,3,2,1,3,0,0,1,True,28
6281,1,2,42,4,9,5954,1,4,2,2,1,1,1,41,1,2,2,2,0,0,0,True,28
3749,1,1,18,4,3,1880,1,4,4,4,1,1,2,32,3,2,2,4,0,0,0,True,28
7550,1,4,6,4,3,700,5,5,4,3,1,4,4,36,3,3,2,3,0,0,0,True,28
8445,1,2,6,2,3,590,1,2,3,4,1,3,1,26,3,2,1,2,0,0,1,True,28
1414,1,4,21,2,0,2782,3,4,1,2,1,2,3,31,1,2,1,4,0,0,0,True,28
4642,1,2,12,2,3,1103,1,4,4,3,3,3,1,29,3,2,2,3,0,0,0,True,28
1731,1,2,8,2,3,760,1,4,4,2,3,2,1,44,3,2,1,2,0,0,0,True,28
4410,1,3,6,3,3,683,1,2,2,2,1,1,2,29,1,2,1,3,0,0,0,True,28
7212,0,2,12,2,3,1331,1,2,2,3,1,1,3,22,3,2,1,3,0,0,0,True,28
6553,1,4,7,4,3,730,5,5,4,3,1,2,2,46,3,1,2,2,0,0,0,True,28
4555,0,1,18,0,2,3114,1,2,1,2,1,4,2,26,3,1,1,3,0,0,0,True,28
4154,1,4,9,2,0,3577,2,3,1,3,3,2,1,26,3,1,1,3,1,0,1,True,28
6802,0,1,12,2,0,1228,1,3,4,2,1,2,1,24,3,2,1,2,0,0,0,True,28
1270,1,4,24,4,2,3777,4,3,4,3,1,4,1,40,3,2,1,3,0,0,0,True,28
720,0,1,24,1,2,3552,1,4,3,3,1,4,3,27,1,2,1,3,0,0,0,True,28
8629,1,4,9,4,0,2134,1,3,4,3,1,4,3,48,3,2,3,3,0,0,0,True,28
1860,1,3,12,1,3,409,4,3,3,2,1,3,1,42,3,1,2,3,0,0,0,True,28
2060,0,2,27,4,3,2520,3,3,4,3,1,2,2,23,3,2,2,2,0,0,0,True,28
80,1,2,24,2,2,4351,5,3,1,2,1,4,2,48,3,2,1,2,0,0,0,True,28
7486,1,1,12,2,0,1168,1,3,4,4,1,3,1,27,3,2,1,2,0,0,0,True,28
792,1,4,12,2,2,1574,1,3,4,3,1,2,1,50,3,2,1,3,0,0,0,True,28
2088,0,1,12,2,1,3386,1,5,3,3,1,4,4,35,3,3,1,3,0,0,0,True,28
2054,0,1,12,2,8,902,1,4,4,4,1,4,2,21,3,1,1,3,0,0,0,True,28
3472,0,2,15,2,3,802,1,5,4,3,1,3,3,37,3,2,1,3,1,0,0,True,28
3148,1,4,60,2,0,10366,1,5,2,3,1,4,2,42,3,2,1,4,0,0,0,True,28
3421,1,1,21,2,2,3599,1,4,1,2,1,4,3,26,3,1,1,2,0,0,0,True,28
2431,0,1,12,0,0,1082,1,3,4,3,1,4,3,48,1,2,2,3,0,0,0,True,28
2189,1,3,12,2,3,3399,5,5,2,3,1,3,3,37,3,2,1,4,0,0,0,True,28
6257,0,2,36,0,9,1953,1,5,4,3,1,4,4,61,3,3,1,4,0,0,0,True,28
5026,0,1,30,2,5,11998,1,2,1,1,1,1,4,34,1,2,1,2,0,0,0,True,28
1403,1,2,26,2,1,7966,1,2,2,3,1,3,3,30,3,2,2,3,0,0,0,True,28
3039,0,2,30,0,9,4280,2,3,4,2,1,4,3,26,3,1,2,2,0,0,0,True,28
8379,0,1,24,2,3,1282,2,3,4,2,1,2,3,32,3,2,1,2,0,0,0,True,28
5712,0,1,18,2,3,3190,1,3,2,2,1,2,1,24,3,2,1,3,0,0,0,True,28
2733,0,4,36,2,2,3349,1,3,4,2,1,2,3,28,3,2,1,4,0,0,0,True,28
2715,0,4,18,3,9,2169,1,3,4,4,1,2,3,28,3,2,1,3,0,0,0,True,28
7115,1,4,60,2,0,6527,5,3,4,3,1,4,4,34,3,3,1,3,1,0,0,True,28
1565,1,1,6,4,3,338,3,5,4,3,1,4,3,52,3,2,2,3,0,0,0,True,28
4352,1,4,9,2,0,2507,3,5,2,3,1,4,4,51,3,3,1,2,0,0,0,True,28
591,0,1,36,3,9,2145,1,4,2,3,1,1,3,24,3,2,2,3,0,0,0,True,28
9574,0,2,12,2,0,836,2,2,4,2,1,2,2,23,1,2,1,2,0,0,0,True,28
2923,1,1,30,2,1,3857,1,3,4,1,1,4,2,40,3,2,1,4,0,0,0,True,28
8215,1,4,9,2,2,2301,2,2,2,2,1,4,2,22,3,1,1,3,0,0,0,True,28
367,0,1,12,2,6,684,1,3,4,3,1,4,3,40,3,1,1,2,1,0,0,True,28
4116,1,1,24,2,2,3149,1,2,4,3,1,1,4,22,1,3,1,3,0,0,0,True,28
7325,0,2,60,2,0,7408,2,2,4,2,1,2,2,24,3,2,1,4,0,0,0,True,28
876,0,1,18,2,3,2600,1,3,4,3,1,4,4,65,3,3,2,3,0,0,0,True,28
475,1,4,12,2,3,2279,5,3,4,3,1,4,4,37,3,3,1,3,0,0,0,True,28
305,0,1,42,2,3,3965,1,2,4,3,1,3,3,34,3,2,1,3,0,0,0,True,28
9186,0,1,24,2,0,915,5,5,4,2,1,2,3,29,1,2,1,3,0,0,0,True,28
987,1,4,12,2,3,2171,1,2,2,2,1,2,3,29,1,2,1,3,0,0,0,True,28
6695,1,4,42,4,2,4041,3,3,4,3,1,4,1,36,3,2,2,3,0,0,0,True,28
9132,1,4,60,3,3,15653,1,4,2,3,1,4,3,21,3,2,2,3,0,0,0,True,28
3706,0,4,36,3,9,7980,5,2,4,3,1,4,3,27,3,1,2,3,0,0,0,True,28
3094,0,2,48,2,3,10961,4,4,1,3,2,2,4,27,1,2,2,3,0,0,0,True,28
8923,1,1,18,2,3,1936,5,4,2,4,1,4,3,23,3,1,2,2,0,0,0,True,28
7753,1,4,6,2,2,2978,3,3,1,3,1,2,3,32,3,2,1,3,0,0,0,True,28
229,1,4,12,2,3,3059,4,4,2,1,1,4,1,61,3,2,1,2,0,0,0,True,28
267,1,4,48,4,1,8858,5,4,2,3,1,1,4,35,3,3,2,3,0,0,0,True,28
7774,1,3,24,4,3,3148,5,3,3,3,1,2,3,31,3,2,2,3,0,0,0,True,28
1918,0,1,18,1,0,1442,1,4,4,3,1,4,4,32,1,3,2,2,1,0,0,True,28
2316,1,3,24,2,2,2892,1,5,3,1,1,4,4,51,3,3,1,3,0,0,0,True,28
4139,0,2,18,4,2,1928,1,2,2,3,1,2,1,31,3,2,2,2,0,0,0,True,28
9681,0,3,9,0,3,1337,1,2,4,3,1,2,3,34,3,2,2,4,0,0,0,True,28
3196,1,1,9,4,0,2799,1,3,2,3,1,2,1,36,3,1,2,3,1,0,0,True,28
828,1,2,48,2,10,5381,5,1,3,3,1,4,4,40,1,3,1,1,0,0,0,True,28
8971,1,2,18,2,6,1239,5,3,4,3,1,4,4,61,3,3,1,3,0,0,0,True,28
5028,1,4,24,2,1,6313,5,5,3,3,1,4,3,41,3,2,1,4,1,0,0,True,28
3005,1,3,6,4,6,1047,1,3,2,2,1,4,2,50,3,2,1,2,0,0,0,True,28
9909,1,1,24,2,1,6579,1,1,4,3,1,2,4,29,3,3,1,4,0,0,0,True,28
2459,1,3,24,2,3,1377,2,5,4,2,1,2,4,47,3,3,1,3,0,0,0,True,28
1788,1,2,18,2,1,2779,1,3,1,4,1,3,3,21,3,1,1,3,0,0,0,True,28
8643,1,1,24,4,1,2957,1,5,4,3,1,4,2,63,3,2,2,3,0,0,0,True,28
6794,1,4,48,4,9,7629,5,5,4,1,1,2,3,46,1,2,2,4,1,0,0,True,28
2003,1,1,9,2,3,1364,1,4,3,3,1,4,1,59,3,2,1,3,0,0,0,True,28
8098,1,2,48,0,9,12204,5,3,2,3,1,2,3,48,1,2,1,4,0,0,0,True,28
8676,1,1,48,2,6,7476,1,4,4,3,1,1,4,50,3,3,1,4,0,0,0,True,28
1649,1,3,12,2,3,1881,1,3,2,2,1,2,3,44,3,1,1,2,0,0,0,True,28
5703,1,2,36,2,1,6948,1,3,2,3,1,2,3,35,3,1,1,4,0,0,0,True,28
4334,1,4,33,3,9,2764,1,3,2,2,1,2,3,26,3,2,2,3,0,0,0,True,28
7010,1,4,9,2,2,1313,1,5,1,3,1,4,3,20,3,2,1,3,0,0,0,True,28
9523,0,1,24,3,3,1024,1,2,4,4,1,4,1,48,2,2,1,3,0,0,0,True,28
6936,1,4,24,4,2,5150,1,5,4,3,1,4,3,33,3,2,1,3,0,0,0,True,28
9129,1,1,24,2,1,2812,5,5,2,2,1,4,1,26,3,1,1,3,0,0,0,True,28
5508,1,4,15,2,3,1979,5,5,4,3,1,2,3,35,3,2,1,3,0,0,0,True,28
7778,1,1,12,4,1,1526,1,5,4,3,1,4,4,66,3,3,2,4,0,0,0,True,28
9199,1,4,12,2,3,2279,5,3,4,3,1,4,4,37,3,3,1,3,0,0,0,True,28
9763,1,4,12,2,1,1413,4,4,3,3,1,2,2,55,3,2,1,3,0,0,1,True,28
6032,1,4,24,2,1,6313,5,5,3,3,1,4,3,41,3,2,1,4,1,0,0,True,28
7534,1,1,47,2,0,10722,1,2,1,2,1,1,1,35,3,2,1,2,0,0,0,True,28
4214,1,4,11,2,9,2142,4,5,1,1,1,2,1,28,3,2,1,3,0,0,0,True,28
2127,0,1,28,2,0,4006,1,3,3,3,1,2,3,45,3,2,1,2,0,0,0,True,28
5238,1,2,30,2,3,1715,5,3,4,2,1,1,3,26,3,2,1,3,0,0,0,True,28
4270,1,4,24,2,1,2679,1,2,4,2,1,1,4,29,3,2,1,4,0,0,0,True,28
4107,1,4,15,2,3,1979,5,5,4,3,1,2,3,35,3,2,1,3,0,0,0,True,28
719,1,2,36,4,1,5800,1,3,3,3,1,4,3,34,3,2,2,3,0,0,0,True,28
3542,1,4,15,4,0,5045,5,5,1,2,1,4,3,59,3,2,1,3,0,0,0,True,28
5714,1,3,12,1,3,409,4,3,3,2,1,3,1,42,3,1,2,3,0,0,0,True,28
7069,0,3,18,2,2,2864,1,3,2,3,1,1,1,34,3,2,1,2,1,0,0,True,28
3950,1,2,9,2,3,458,1,3,4,3,1,3,1,24,3,2,1,3,0,0,0,True,28
4592,0,1,24,2,0,1285,5,4,4,2,1,4,4,32,3,1,1,3,0,0,0,True,28
3353,1,4,21,2,9,1572,4,5,4,2,1,4,1,36,1,2,1,2,0,0,0,True,28
4806,1,4,18,2,3,1126,5,2,4,2,1,2,1,21,3,1,1,3,0,0,0,True,28
9347,0,1,18,2,0,976,1,2,1,2,1,2,3,23,3,2,1,2,0,0,0,True,28
6632,1,4,15,4,3,1829,1,5,4,3,1,4,3,46,3,2,2,3,0,0,0,True,28
6658,1,2,6,2,3,1068,1,5,4,3,1,4,3,28,3,2,1,3,1,0,0,True,28
4014,1,4,36,4,9,6304,5,5,4,3,1,4,1,36,3,2,2,3,0,0,0,True,28
2373,1,4,36,2,3,2299,3,5,4,3,1,4,3,39,3,2,1,3,0,0,0,True,28
9382,1,2,9,4,2,1919,1,4,4,3,1,3,3,35,3,1,1,3,0,0,0,True,28
1571,1,4,12,4,3,522,3,5,4,3,1,4,2,42,3,2,2,3,1,0,0,True,28
2619,1,4,15,2,0,3186,4,4,2,2,1,3,3,20,3,1,1,3,0,0,0,True,28
2463,1,1,24,2,2,3149,1,2,4,3,1,1,4,22,1,3,1,3,0,0,0,True,28
892,0,4,27,2,0,2570,1,3,3,2,1,3,1,21,3,1,1,3,0,0,0,True,28
5280,1,4,4,4,0,3380,1,4,1,2,1,1,1,37,3,2,1,3,1,0,0,True,28
6629,0,1,6,1,6,1198,1,5,4,2,1,4,4,35,3,3,1,3,0,0,0,True,28
2219,0,1,18,2,3,1345,1,3,4,4,1,3,1,26,3,2,1,3,0,0,0,True,28
3604,1,4,15,2,4,874,5,2,4,2,1,1,1,24,3,2,1,3,0,0,0,True,28
1225,0,2,48,2,3,10961,4,4,1,3,2,2,4,27,1,2,2,3,0,0,0,True,28
8741,0,4,18,0,9,4165,1,3,2,3,1,2,3,36,2,2,2,3,1,0,0,True,28
906,1,4,12,4,2,1592,4,4,3,2,1,2,2,35,3,2,1,3,0,0,0,True,28
1096,1,2,20,0,1,6148,2,5,3,4,1,4,3,31,1,2,2,3,0,0,0,True,28
4496,1,4,15,1,3,1569,2,5,4,3,1,4,3,34,1,2,1,2,1,0,0,True,28
5993,1,2,10,2,2,1521,1,3,4,1,1,2,3,31,3,2,1,2,0,0,0,True,28
5606,0,2,12,2,0,1223,1,5,1,1,1,1,1,46,3,1,2,3,0,0,0,True,28
1620,0,1,24,1,2,3552,1,4,3,3,1,4,3,27,1,2,1,3,0,0,0,True,28
8750,0,4,24,2,3,3621,2,5,2,3,1,4,3,31,3,2,2,3,0,0,0,True,28
6125,1,2,24,2,3,5084,5,5,2,2,1,4,3,42,3,2,1,3,0,0,0,True,28
8,1,2,36,2,6,2273,1,4,3,3,1,1,3,32,3,2,2,3,1,0,0,True,28
1141,1,1,6,4,0,4716,5,2,1,3,1,3,1,44,3,2,2,2,1,0,0,True,28
2409,0,1,21,3,6,3414,1,2,2,3,1,1,2,26,2,2,2,3,0,0,0,True,28
6384,1,3,24,2,2,3749,1,2,2,2,1,4,3,26,3,2,1,3,0,0,0,True,28
2319,1,4,36,4,3,3342,5,5,4,3,1,2,3,51,3,2,1,3,0,0,0,True,28
1635,1,1,18,2,0,4380,2,3,3,3,1,4,3,35,3,2,1,2,1,0,0,True,28
8626,1,1,24,2,2,4169,1,3,4,3,1,4,2,28,3,2,1,3,0,0,0,True,28
5808,1,2,18,2,9,1941,4,3,4,3,1,2,2,35,3,2,1,2,0,0,0,True,28
9298,1,4,24,2,3,999,5,5,4,3,1,2,3,25,3,2,2,3,0,0,0,True,28
4670,1,1,12,2,2,1620,1,3,2,2,2,3,2,30,3,2,1,3,0,0,0,True,28
9617,1,1,6,4,0,4716,5,2,1,3,1,3,1,44,3,2,2,2,1,0,0,True,28
9250,1,4,15,4,3,1829,1,5,4,3,1,4,3,46,3,2,2,3,0,0,0,True,28
7203,1,4,18,4,2,1817,1,3,4,2,1,2,4,28,3,2,2,3,0,0,0,True,28
2416,1,3,10,2,2,1275,1,2,4,2,1,2,2,23,3,2,1,3,0,0,0,True,28
3419,0,4,36,2,2,10974,1,1,4,2,1,2,3,26,3,2,2,4,0,0,0,True,28
9470,0,1,45,0,9,11816,1,5,2,3,1,4,3,29,3,1,2,3,0,0,0,True,28
7563,0,2,36,2,5,2384,1,2,4,3,1,1,4,33,3,1,1,2,0,0,0,True,28
8458,0,2,24,4,3,1216,2,2,4,3,1,4,4,38,1,2,2,3,1,0,0,True,28
4282,1,3,24,4,2,3617,5,5,4,3,2,4,4,20,3,1,2,3,0,0,0,True,28
33,1,1,12,4,3,385,1,4,4,2,1,3,1,58,3,2,4,2,0,0,0,True,28
1253,1,2,12,4,0,2366,3,4,3,1,1,3,3,36,3,2,1,4,0,0,0,True,28
6625,1,2,18,4,2,6361,1,5,2,3,1,1,4,41,3,2,1,3,0,0,0,True,28
244,0,1,18,4,2,2124,1,3,4,2,1,4,1,24,3,1,2,3,0,0,0,True,28
3031,1,2,36,2,6,2273,1,4,3,3,1,1,3,32,3,2,2,3,1,0,0,True,28
686,1,4,60,2,0,10366,1,5,2,3,1,4,2,42,3,2,1,4,0,0,0,True,28
5110,1,4,12,4,2,1935,1,5,4,3,1,4,1,43,3,2,3,3,0,0,0,True,28
6008,0,4,12,2,2,1123,3,3,4,2,1,4,3,29,3,1,1,2,0,0,0,True,28
8453,1,4,12,2,0,3527,5,2,2,3,1,3,2,45,3,2,1,4,1,0,0,True,28
9432,1,4,15,4,3,1360,1,3,4,3,1,2,2,31,3,2,2,3,0,0,0,True,28
7857,1,1,14,2,0,3973,1,1,1,3,1,4,4,22,3,3,1,3,0,0,0,True,28
3490,1,2,24,2,2,3069,2,5,4,3,1,4,4,30,3,3,1,3,0,0,0,True,28
7623,1,1,24,2,1,6579,1,1,4,3,1,2,4,29,3,3,1,4,0,0,0,True,28
8389,1,4,15,2,0,3556,5,3,3,3,1,2,4,29,3,2,1,3,0,0,0,True,28
6020,1,2,36,3,9,9857,2,4,1,3,1,3,2,31,3,2,2,2,1,0,0,True,28
2262,1,4,7,3,3,846,5,5,3,3,1,4,4,36,3,3,1,3,0,0,0,True,28
1740,0,2,18,2,0,1042,5,3,4,2,1,2,2,33,3,2,1,3,0,0,0,True,28
5400,1,4,24,4,3,2611,1,5,4,4,2,3,1,46,3,2,2,3,0,0,0,True,28
3344,1,1,18,4,3,1880,1,4,4,4,1,1,2,32,3,2,2,4,0,0,0,True,28
9067,0,4,10,2,2,2210,1,3,2,3,1,2,1,25,3,1,1,2,0,0,0,True,28
429,1,4,24,3,9,2978,5,3,4,3,1,4,1,32,3,2,2,3,1,0,0,True,28
975,1,1,12,2,2,3590,1,3,2,3,2,2,2,29,3,2,1,2,1,0,0,True,28
2786,0,2,6,1,6,433,4,2,4,2,1,2,2,24,1,1,1,3,1,0,0,True,28
424,1,4,36,3,2,7678,3,4,2,2,1,4,3,40,3,2,2,3,0,0,0,True,28
44,1,4,10,2,6,727,3,5,4,3,1,4,4,46,3,3,1,3,0,0,0,True,28
2062,1,1,12,4,3,385,1,4,4,2,1,3,1,58,3,2,4,2,0,0,0,True,28
7876,1,4,6,3,3,935,1,3,3,2,1,2,1,24,3,2,1,3,0,0,0,True,28
6147,1,4,48,4,9,7629,5,5,4,1,1,2,3,46,1,2,2,4,1,0,0,True,28
6349,1,2,18,2,6,1239,5,3,4,3,1,4,4,61,3,3,1,3,0,0,0,True,28
4329,1,4,36,4,1,5842,1,5,2,3,1,2,2,35,3,2,2,3,1,0,0,True,28
5241,0,4,12,2,6,719,1,5,4,3,1,4,3,41,1,2,1,2,1,0,0,True,28
978,1,4,12,4,3,1240,5,5,4,2,1,2,1,38,3,2,2,3,0,0,0,True,28
6491,1,2,18,2,9,2622,2,3,4,3,1,4,3,34,3,2,1,3,0,0,0,True,28
4583,0,4,24,2,3,2397,3,5,3,3,1,2,3,35,1,2,2,3,0,0,0,True,28
5204,1,4,24,4,3,5103,1,2,3,4,1,3,4,47,3,3,3,3,0,0,0,True,28
989,1,2,42,4,9,5954,1,4,2,2,1,1,1,41,1,2,2,2,0,0,0,True,28
7492,0,2,48,0,9,3844,2,4,4,3,1,4,4,34,3,3,1,2,1,0,0,True,28
438,0,1,24,2,2,2996,5,3,2,4,1,4,3,20,3,2,1,3,0,0,0,True,28
1510,1,4,24,2,3,1533,1,2,4,2,1,3,3,38,2,2,1,3,0,0,0,True,28
3035,1,4,36,2,3,3835,5,5,2,2,1,4,1,45,3,2,1,2,0,0,0,True,28
9958,0,1,24,2,0,1285,5,4,4,2,1,4,4,32,3,1,1,3,0,0,0,True,28
5770,1,4,6,4,3,1554,1,4,1,2,1,2,3,24,3,1,2,3,0,0,0,True,28
4068,1,4,18,4,1,3229,5,1,2,3,1,4,4,38,3,2,1,4,0,0,0,True,28
6278,1,4,12,4,0,682,2,4,4,2,1,3,3,51,3,2,2,3,0,0,0,True,28
455,1,4,48,4,3,3578,5,5,4,3,1,1,1,47,3,2,1,3,0,0,0,True,28
512,1,4,30,4,3,5954,1,4,3,3,2,2,3,38,3,2,1,3,0,0,0,True,28
6866,1,3,6,4,6,1047,1,3,2,2,1,4,2,50,3,2,1,2,0,0,0,True,28
7592,1,2,12,2,3,1567,1,3,1,2,1,1,3,22,3,2,1,3,0,0,0,True,28
7254,1,1,15,2,3,1053,1,2,4,4,1,2,1,27,3,2,1,3,0,0,1,True,28
6230,1,4,24,4,1,4042,5,4,3,3,1,4,2,43,3,2,2,3,0,0,0,True,28
5914,0,2,18,2,1,12976,1,1,3,2,1,4,4,38,3,3,1,4,0,0,0,True,28
9209,1,4,22,2,3,2675,3,5,3,3,1,4,3,40,3,2,1,3,0,0,0,True,28
5448,1,4,24,2,1,6313,5,5,3,3,1,4,3,41,3,2,1,4,1,0,0,True,28
59,1,4,6,4,0,6761,1,4,1,3,1,3,4,45,3,2,2,4,1,0,0,True,28
9878,1,4,12,2,3,2171,1,2,2,2,1,2,3,29,1,2,1,3,0,0,0,True,28
2925,1,4,24,2,0,1525,4,4,4,2,1,3,3,34,3,2,1,3,1,0,0,True,28
4250,1,2,36,2,3,2323,1,4,4,3,1,4,3,24,3,1,1,3,0,0,0,True,28
3322,0,2,36,2,6,12612,2,3,1,3,1,4,4,47,3,3,1,3,1,0,0,True,28
7852,1,4,18,4,0,1028,1,3,4,2,1,3,1,36,3,2,2,3,0,0,0,True,28
2788,1,4,15,2,2,2708,1,2,2,3,1,3,2,27,1,2,2,2,0,0,0,True,28
2224,1,4,21,2,1,5248,5,3,1,3,1,3,3,26,3,2,1,3,0,0,0,True,28
7630,1,4,48,4,1,2751,5,5,4,3,1,3,3,38,3,2,2,3,1,0,0,True,28
3453,1,1,10,4,2,2132,5,2,2,2,2,3,1,27,3,1,2,3,0,0,1,True,28
5274,1,3,24,4,9,1275,4,3,2,1,1,4,1,36,3,2,2,3,0,0,0,True,28
6069,1,4,12,2,9,1542,1,4,2,3,1,4,3,36,3,2,1,3,0,0,0,True,28
5984,1,4,30,4,3,5954,1,4,3,3,2,2,3,38,3,2,1,3,0,0,0,True,28
5565,1,2,9,2,3,1082,1,5,4,3,1,4,3,37,3,2,2,2,0,0,0,True,28
9530,1,4,7,4,3,730,5,5,4,3,1,2,2,46,3,1,2,2,0,0,0,True,28
4190,1,4,10,2,1,2901,5,2,1,2,1,4,1,31,3,1,1,3,0,0,0,True,28
6650,1,3,9,2,3,1126,2,5,2,1,1,4,1,49,3,2,1,3,0,0,0,True,28
8868,1,4,36,2,0,909,3,5,4,3,1,4,2,36,3,2,1,3,0,0,0,True,28
3552,1,4,6,4,3,1898,5,3,1,3,1,2,1,34,3,2,2,2,1,0,0,True,28
3962,1,4,24,2,0,1525,4,4,4,2,1,3,3,34,3,2,1,3,1,0,0,True,28
1624,0,2,36,2,2,9034,2,2,4,3,2,1,4,29,3,1,1,4,0,0,0,True,28
6362,1,2,9,2,3,2118,1,3,2,3,1,2,1,37,3,2,1,2,1,0,0,True,28
5016,0,2,48,2,2,9960,1,2,1,2,1,2,3,26,1,2,1,3,0,0,0,True,28
6566,1,4,24,2,3,3105,5,2,4,3,1,2,3,25,3,2,2,3,0,0,0,True,28
2235,0,2,24,2,3,2039,1,2,1,4,1,1,2,22,3,2,1,3,0,0,0,True,28
4077,1,2,30,1,2,3496,4,3,4,3,1,2,3,34,2,2,1,3,1,0,0,True,28
2200,0,4,24,2,3,2397,3,5,3,3,1,2,3,35,1,2,2,3,0,0,0,True,28
8593,1,4,12,4,0,1255,1,5,4,3,1,4,1,61,3,2,2,2,0,0,0,True,28
7171,0,1,18,4,2,2124,1,3,4,2,1,4,1,24,3,1,2,3,0,0,0,True,28
4804,1,2,18,4,3,1795,1,5,3,2,3,4,1,48,1,1,2,2,0,0,0,True,28
8428,1,2,8,2,3,760,1,4,4,2,3,2,1,44,3,2,1,2,0,0,0,True,28
184,1,1,48,2,1,4788,1,4,4,3,1,3,2,26,3,2,1,3,1,0,0,True,28
8072,1,1,24,4,3,1231,4,5,4,2,1,4,2,57,3,1,2,4,0,0,0,True,28
390,0,2,12,2,3,766,3,3,4,3,1,3,1,66,3,2,1,2,0,0,0,True,28
7347,0,2,6,1,0,931,2,2,1,2,1,1,2,32,2,2,1,2,0,0,0,True,28
6835,1,4,9,4,6,1244,5,5,4,2,1,4,2,41,3,1,2,2,0,0,0,True,28
587,0,2,48,2,3,10961,4,4,1,3,2,2,4,27,1,2,2,3,0,0,0,True,28
7649,0,2,24,2,1,4113,3,2,3,2,1,4,3,28,3,1,1,3,0,0,0,True,28
3655,1,4,14,3,0,802,1,3,4,3,1,2,3,27,3,2,2,2,0,0,0,True,28
8805,0,2,39,4,3,4933,1,4,2,3,3,2,1,25,3,2,2,3,0,0,0,True,28
7958,1,4,6,0,0,1204,2,3,4,3,1,1,4,35,1,1,1,3,0,0,1,True,28
5616,1,4,24,2,2,929,5,4,4,3,1,2,3,31,2,2,1,3,0,0,0,True,28
2612,1,1,21,4,0,571,1,5,4,3,1,4,1,65,3,2,2,3,0,0,0,True,28
2985,1,4,24,4,3,2424,5,5,4,3,1,4,2,53,3,2,2,3,0,0,0,True,28
931,1,4,18,2,0,2662,5,4,4,3,1,3,2,32,3,2,1,3,0,0,1,True,28
6447,1,2,12,0,8,1410,1,3,2,3,1,2,1,31,3,2,1,2,0,0,0,True,28
2977,1,2,27,3,1,5965,1,5,1,3,1,2,3,30,3,2,2,4,0,0,0,True,28
1339,1,1,6,4,0,4716,5,2,1,3,1,3,1,44,3,2,2,2,1,0,0,True,28
1217,1,4,12,4,6,3565,5,2,2,3,1,1,2,37,3,2,2,2,1,0,0,True,28
2861,1,1,24,1,2,2483,3,3,4,3,1,4,1,22,2,2,1,3,0,0,0,True,28
3716,1,4,12,4,2,1592,4,4,3,2,1,2,2,35,3,2,1,3,0,0,0,True,28
7175,0,4,24,3,0,2538,1,5,4,3,1,4,3,47,3,2,2,2,1,0,0,True,28
273,1,4,36,3,0,10875,1,5,2,3,1,2,3,45,3,2,2,3,1,0,0,True,28
4089,1,2,24,2,3,3758,3,1,1,2,1,4,4,23,3,1,1,1,0,0,0,True,28
4843,1,4,18,4,3,1149,4,3,4,3,1,3,1,46,3,2,2,3,0,0,0,True,28
8253,0,2,15,2,3,802,1,5,4,3,1,3,3,37,3,2,1,3,1,0,0,True,28
2996,1,4,6,2,3,2108,1,4,2,4,1,2,1,29,3,1,1,3,0,0,0,True,28
7372,1,1,36,2,0,3249,1,4,2,3,1,4,4,39,1,3,1,4,1,0,0,True,28
9505,0,1,12,2,2,1282,1,3,2,2,1,4,3,20,3,1,1,3,0,0,0,True,28
8080,1,4,12,2,3,1963,1,4,4,3,1,2,3,31,3,1,2,4,1,0,0,True,28
2886,1,4,6,4,3,1237,2,3,1,2,1,1,2,27,3,2,2,3,0,0,0,True,28
7539,0,2,45,2,3,3031,2,3,4,3,3,4,2,21,3,1,1,3,0,0,0,True,28
7164,1,1,10,4,0,2241,1,2,1,3,1,3,1,48,3,1,2,2,1,0,1,True,28
3334,1,4,12,4,2,1258,1,2,2,2,1,4,2,22,3,1,2,2,0,0,0,True,28
3036,1,2,12,2,3,1103,1,4,4,3,3,3,1,29,3,2,2,3,0,0,0,True,28
3972,1,1,6,2,2,428,1,5,2,2,1,1,2,49,1,2,1,3,0,0,0,True,28
560,1,4,24,4,10,6314,1,1,4,3,2,2,4,27,1,2,2,4,0,0,0,True,28
4176,1,4,18,4,3,1149,4,3,4,3,1,3,1,46,3,2,2,3,0,0,0,True,28
4267,1,4,30,2,3,2333,3,5,4,3,1,2,3,30,1,2,1,4,0,0,0,True,28
3486,1,2,48,1,0,12169,5,1,4,3,2,4,4,36,3,3,1,4,0,0,0,True,28
3592,1,4,24,4,0,1940,4,5,4,3,1,4,1,60,3,2,1,3,0,0,0,True,28
9700,0,1,36,2,2,2712,1,5,2,3,1,2,2,41,1,2,1,3,1,0,0,True,28
2652,1,1,15,2,0,1403,1,3,2,2,1,4,3,28,3,1,1,3,0,0,0,True,28
7338,1,4,12,4,3,930,5,5,4,3,1,4,1,65,3,2,4,3,0,0,0,True,28
5278,1,4,10,2,1,2901,5,2,1,2,1,4,1,31,3,1,1,3,0,0,0,True,28
4839,0,1,12,0,0,1082,1,3,4,3,1,4,3,48,1,2,2,3,0,0,0,True,28
4768,0,1,42,2,3,3965,1,2,4,3,1,3,3,34,3,2,1,3,0,0,0,True,28
7499,0,2,18,0,0,2278,2,2,3,2,1,3,3,28,3,2,2,3,0,0,0,True,28
5716,1,2,30,3,9,2503,2,5,4,3,1,2,2,41,2,2,2,3,0,0,0,True,28
3958,1,2,15,2,5,1308,1,5,4,3,1,4,3,38,3,2,2,2,0,0,0,True,28
781,1,3,18,2,2,3049,1,2,1,2,1,1,2,45,2,2,1,2,0,0,0,True,28
7103,0,2,12,2,0,1223,1,5,1,1,1,1,1,46,3,1,2,3,0,0,0,True,28
4345,1,4,12,2,3,1262,1,3,3,3,1,2,3,25,3,2,1,3,0,0,0,True,28
1919,0,2,24,2,2,4057,1,4,3,1,1,3,3,43,3,2,1,3,0,0,0,True,28
9658,1,4,18,2,3,1505,1,3,4,3,1,2,4,32,3,3,1,4,0,0,0,True,28
6994,1,2,24,3,3,1553,2,4,3,2,1,2,2,23,3,1,2,3,0,0,0,True,28
8828,1,4,48,4,6,6110,1,3,1,3,1,3,4,31,1,3,1,3,0,0,0,True,28
5718,1,2,48,3,9,6681,5,3,4,3,1,4,4,38,3,3,1,3,1,0,0,True,28
1224,0,2,30,3,3,1919,2,2,4,3,1,3,4,30,2,2,2,4,0,0,0,True,28
283,0,3,15,4,3,1271,5,3,3,3,1,4,4,39,3,3,2,3,0,0,0,True,28
67,1,2,24,2,3,2896,2,2,2,3,1,1,3,29,3,2,1,3,0,0,0,True,28
318,1,2,10,2,0,7308,1,1,2,3,1,4,4,70,1,3,1,4,0,0,0,True,28
5932,1,3,12,2,2,1424,5,5,3,2,1,4,1,55,3,2,1,4,0,0,0,True,28
5114,1,4,15,2,4,874,5,2,4,2,1,1,1,24,3,2,1,3,0,0,0,True,28
7133,0,2,48,2,0,6560,2,4,3,3,1,2,2,24,3,2,1,3,0,0,0,True,28
8569,1,4,24,4,2,5150,1,5,4,3,1,4,3,33,3,2,1,3,0,0,0,True,28
6982,1,4,24,4,1,3868,1,5,4,2,1,2,3,41,3,1,2,4,0,0,0,True,28
8011,0,1,36,3,6,6887,1,3,4,3,1,3,2,29,2,2,1,3,0,0,0,True,28
6969,0,2,24,2,0,1355,1,2,3,2,1,4,3,25,3,2,1,2,0,0,0,True,28
7749,1,4,24,2,3,1533,1,2,4,2,1,3,3,38,2,2,1,3,0,0,0,True,28
5270,1,4,21,4,1,3275,1,5,1,3,1,4,3,36,3,2,1,4,0,0,0,True,28
710,1,4,18,4,1,3850,1,4,3,3,1,1,3,27,3,2,2,3,0,0,0,True,28
5100,1,1,24,4,9,1382,2,4,4,3,1,1,1,26,3,2,2,3,0,0,0,True,28
4472,0,1,18,2,2,2473,1,1,4,3,1,1,3,25,3,2,1,1,0,0,0,True,28
3166,0,1,48,0,2,7119,1,3,3,3,1,4,4,53,3,3,2,3,1,0,0,True,28
4595,1,1,18,2,3,1936,5,4,2,4,1,4,3,23,3,1,2,2,0,0,0,True,28
9031,1,4,30,4,3,3077,5,5,3,3,1,2,3,40,3,2,2,3,1,0,0,True,28
7352,1,3,24,2,3,5152,1,4,4,3,1,2,3,25,1,2,1,3,0,0,0,True,28
9036,1,4,15,4,2,2788,1,4,2,2,2,3,3,24,1,2,2,3,0,0,0,True,28
9262,1,3,12,3,0,2247,1,3,2,2,1,2,3,36,2,2,2,3,0,0,0,True,28
1114,0,1,9,2,0,654,1,3,4,3,1,3,3,28,3,2,1,2,0,0,0,True,28
6126,0,2,48,2,9,15672,1,3,2,3,1,2,3,23,3,2,1,3,0,0,0,True,28
7348,1,4,12,2,3,2279,5,3,4,3,1,4,4,37,3,3,1,3,0,0,0,True,28
3288,1,1,12,2,2,708,1,3,2,3,3,3,2,38,3,2,1,2,1,0,0,True,28
8189,1,4,15,4,3,1316,3,3,2,4,1,2,2,47,3,2,2,2,0,0,0,True,28
6839,0,3,24,4,0,1344,5,4,4,3,1,2,1,37,1,2,2,2,1,0,0,True,28
1765,1,2,27,3,1,5965,1,5,1,3,1,2,3,30,3,2,2,4,0,0,0,True,28
6940,1,2,12,2,3,1155,1,5,3,4,3,3,1,40,1,2,2,2,0,0,0,True,28
2524,0,1,36,3,6,6887,1,3,4,3,1,3,2,29,2,2,1,3,0,0,0,True,28
9138,1,4,24,4,6,1927,5,3,3,2,1,2,3,33,3,2,2,3,0,0,0,True,28
1016,1,1,12,3,0,1344,1,3,4,3,1,2,1,43,3,2,2,2,1,0,0,True,28
9578,1,1,42,4,5,3394,1,1,4,3,2,4,3,65,3,2,2,1,0,0,0,True,28
3533,0,4,24,2,3,5943,5,2,1,2,1,1,3,44,3,2,2,3,0,0,0,True,28
8715,1,2,24,4,0,3878,2,2,4,1,1,2,3,37,3,2,1,3,0,0,0,True,28
1515,0,2,36,2,2,9034,2,2,4,3,2,1,4,29,3,1,1,4,0,0,0,True,28
6645,1,1,36,2,2,3620,1,3,1,3,3,2,2,37,3,2,1,3,1,0,0,True,28
3751,1,2,18,4,9,3590,1,1,3,4,1,3,3,40,3,2,3,1,1,0,0,True,28
9904,1,1,12,2,2,708,1,3,2,3,3,3,2,38,3,2,1,2,1,0,0,True,28
1397,0,2,18,0,0,2278,2,2,3,2,1,3,3,28,3,2,2,3,0,0,0,True,28
5947,1,4,15,2,1,3029,1,4,2,3,1,2,3,33,3,2,1,3,0,0,0,True,28
4364,1,2,12,2,0,2002,1,4,3,3,1,4,2,30,3,1,1,3,1,0,0,True,28
8064,1,3,24,2,3,1258,3,3,3,2,1,3,3,57,3,2,1,2,0,0,0,True,28
8032,1,4,12,2,2,1768,1,3,3,3,1,2,1,24,3,1,1,2,0,0,0,True,28
3581,1,2,30,1,2,3496,4,3,4,3,1,2,3,34,2,2,1,3,1,0,0,True,28
1984,0,1,18,2,0,1216,1,2,4,2,1,3,3,23,3,1,1,3,0,0,0,True,28
2720,1,1,24,2,2,3021,1,3,2,1,1,2,1,24,3,1,1,2,0,0,0,True,28
